date,n_container,n_dry_bulk,n_general_cargo,n_roro,n_tanker,n_cargo,n_total,capacity
2019-01-01,11,11,3,3,51,28,79,3211683
2019-01-02,13,11,0,4,55,28,83,1766019
2019-01-03,15,15,5,1,58,36,94,3728138
2019-01-04,10,14,2,2,41,28,69,1423100
2019-01-05,12,14,3,1,51,30,81,1513468
2019-01-06,13,19,1,2,42,35,77,2537139
2019-01-07,13,10,4,4,65,31,96,2724280
2019-01-08,8,13,8,2,38,31,69,443831
2019-01-09,11,12,4,2,41,29,70,3168316
2019-01-10,14,12,5,5,49,36,85,1168646
2019-01-11,9,12,3,1,49,25,74,1543400
2019-01-12,10,11,7,1,44,29,73,982490
2019-01-13,9,18,3,1,41,31,72,3131276
2019-01-14,8,8,4,5,46,25,71,2971909
2019-01-15,18,8,4,3,48,33,81,1538918
2019-01-16,13,22,8,1,50,44,94,3373013
2019-01-17,13,14,3,0,51,30,81,2633898
2019-01-18,12,10,4,2,49,28,77,2057816
2019-01-19,6,11,7,3,36,27,63,1744877
2019-01-20,11,13,5,2,52,31,83,1461598
2019-01-21,14,14,8,3,48,39,87,495465
2019-01-22,10,13,5,3,47,31,78,2378038
2019-01-23,9,10,3,1,58,23,81,2211174
2019-01-24,13,7,1,0,53,21,74,3193305
2019-01-25,9,9,5,0,49,23,72,2460906
2019-01-26,15,18,3,3,58,39,97,2731182
2019-01-27,11,13,2,0,61,26,87,3349036
2019-01-28,18,14,4,3,51,39,90,2347286
2019-01-29,9,8,4,2,50,23,73,3998971
2019-01-30,7,20,7,3,47,37,84,1455995
2019-01-31,11,13,4,3,48,31,79,2520929
2019-02-01,9,13,5,1,48,28,76,1982283
2019-02-02,12,4,3,1,47,20,67,2988301
2019-02-03,9,14,7,3,51,33,84,2208258
2019-02-04,7,14,4,1,44,26,70,1659224
2019-02-05,13,15,2,3,45,33,78,659110
2019-02-06,12,24,2,1,47,39,86,1162797
2019-02-07,10,14,2,5,50,31,81,1860950
2019-02-08,12,20,4,3,52,39,91,2204596
2019-02-09,11,8,3,1,51,23,74,2192616
2019-02-10,12,16,7,0,52,35,87,3057192
2019-02-11,10,15,1,2,38,28,66,1349521
2019-02-12,8,10,1,2,48,21,69,1509669
2019-02-13,12,19,2,1,45,34,79,1120619
2019-02-14,11,19,8,2,43,40,83,941103
2019-02-15,11,16,4,1,54,32,86,2634219
2019-02-16,13,18,3,0,60,34,94,2950227
2019-02-17,9,23,4,2,51,38,89,2011425
2019-02-18,10,13,4,1,47,28,75,1288259
2019-02-19,13,19,9,5,56,46,102,1165688
2019-02-20,12,19,4,0,54,35,89,2115978
2019-02-21,10,20,4,2,51,36,87,722503
2019-02-22,17,19,3,4,45,43,88,1844509
2019-02-23,12,13,6,2,60,33,93,2583891
2019-02-24,14,15,6,3,57,38,95,2520468
2019-02-25,13,20,7,2,58,42,100,2959375
2019-02-26,17,11,4,1,40,33,73,1193479
2019-02-27,7,23,2,2,48,34,82,1494099
2019-02-28,13,18,1,3,50,35,85,1983238
2019-03-01,8,10,3,4,60,25,85,3375358
2019-03-02,13,12,1,1,36,27,63,1539977
2019-03-03,5,13,2,3,58,23,81,1333545
2019-03-04,15,24,2,2,47,43,90,1546773
2019-03-05,13,20,3,3,58,39,97,1949192
2019-03-06,13,18,8,2,57,41,98,1747017
2019-03-07,9,14,5,1,56,29,85,2306482
2019-03-08,6,18,6,2,54,32,86,1782192
2019-03-09,18,13,2,1,60,34,94,3159889
2019-03-10,8,7,2,2,42,19,61,1179883
2019-03-11,6,19,2,3,34,30,64,915651
2019-03-12,16,8,2,1,52,27,79,3066220
2019-03-13,10,24,5,1,57,40,97,2899787
2019-03-14,13,19,7,3,43,42,85,1492238
2019-03-15,5,15,7,2,44,29,73,3012140
2019-03-16,15,13,5,2,42,35,77,1753179
2019-03-17,13,13,5,3,49,34,83,1144271
2019-03-18,13,11,1,0,59,25,84,1683134
2019-03-19,14,17,6,2,52,39,91,1863598
2019-03-20,12,14,5,3,48,34,82,2071122
2019-03-21,10,20,7,2,60,39,99,1892520
2019-03-22,11,14,2,3,53,30,83,2726556
2019-03-23,14,17,4,2,39,37,76,2961540
2019-03-24,14,13,5,2,45,34,79,934773
2019-03-25,13,10,4,0,40,27,67,1143317
2019-03-26,10,17,2,2,44,31,75,1661518
2019-03-27,16,6,4,4,50,30,80,751620
2019-03-28,13,21,4,1,62,39,101,3249724
2019-03-29,16,21,6,1,57,44,101,2359949
2019-03-30,15,19,4,0,78,38,116,3299344
2019-03-31,13,14,6,3,48,36,84,3026169
2019-04-01,15,21,3,2,55,41,96,1296449
2019-04-02,10,15,5,3,38,33,71,1910346
2019-04-03,14,16,2,2,46,34,80,1917333
2019-04-04,8,18,1,4,51,31,82,816748
2019-04-05,15,25,6,2,62,48,110,2498860
2019-04-06,14,13,1,3,65,31,96,2393424
2019-04-07,12,12,5,0,57,29,86,2374107
2019-04-08,16,16,6,1,48,39,87,1217993
2019-04-09,4,22,4,6,74,36,110,2995253
2019-04-10,11,18,4,0,45,33,78,2114089
2019-04-11,16,14,5,0,50,35,85,2679803
2019-04-12,8,21,5,1,60,35,95,2277102
2019-04-13,15,9,5,3,46,32,78,1165324
2019-04-14,15,17,3,3,38,38,76,1415430
2019-04-15,12,22,3,3,57,40,97,1907333
2019-04-16,17,16,7,2,49,42,91,2774634
2019-04-17,12,23,5,3,62,43,105,3587254
2019-04-18,14,25,6,2,53,47,100,3075338
2019-04-19,12,16,4,1,68,33,101,3501141
2019-04-20,18,21,7,3,59,49,108,3052371
2019-04-21,16,19,3,3,52,41,93,2505272
2019-04-22,22,23,2,4,52,51,103,3112654
2019-04-23,11,22,4,1,56,38,94,3014671
2019-04-24,15,14,2,2,46,33,79,1477293
2019-04-25,12,17,1,1,49,31,80,1486206
2019-04-26,11,15,3,0,43,29,72,1721606
2019-04-27,13,19,8,3,63,43,106,3024160
2019-04-28,14,15,7,1,55,37,92,3349792
2019-04-29,24,18,7,5,61,54,115,2492714
2019-04-30,7,13,6,2,46,28,74,2453342
2019-05-01,13,25,3,3,66,44,110,2062241
2019-05-02,12,17,7,2,71,38,109,2865915
2019-05-03,17,24,8,1,53,50,103,3354916
2019-05-04,15,13,4,1,48,33,81,4019159
2019-05-05,12,16,2,1,46,31,77,2448047
2019-05-06,13,19,3,5,48,40,88,2112391
2019-05-07,8,13,6,3,63,30,93,2120385
2019-05-08,15,20,4,1,63,40,103,3161755
2019-05-09,17,24,5,1,48,47,95,2533345
2019-05-10,15,15,3,0,57,33,90,2192247
2019-05-11,16,21,1,2,65,40,105,2686422
2019-05-12,13,13,5,2,65,33,98,2975880
2019-05-13,17,14,3,3,51,37,88,2287377
2019-05-14,16,14,5,2,46,37,83,3083109
2019-05-15,9,20,5,1,62,35,97,3746658
2019-05-16,13,18,2,1,58,34,92,2851701
2019-05-17,17,23,4,3,52,47,99,2742913
2019-05-18,17,19,1,2,57,39,96,2408403
2019-05-19,9,15,6,2,47,32,79,2974639
2019-05-20,12,18,4,4,60,38,98,2724794
2019-05-21,10,14,3,3,50,30,80,3796383
2019-05-22,14,11,6,3,47,34,81,1929591
2019-05-23,8,14,4,1,49,27,76,2267488
2019-05-24,20,18,6,3,53,47,100,2327808
2019-05-25,14,17,1,1,61,33,94,3516758
2019-05-26,17,24,3,1,71,45,116,2953430
2019-05-27,16,16,4,1,64,37,101,3416592
2019-05-28,13,15,5,3,55,36,91,2553322
2019-05-29,14,19,6,1,55,40,95,2312717
2019-05-30,13,20,1,2,70,36,106,3022815
2019-05-31,17,19,7,0,52,43,95,1765313
2019-06-01,15,21,4,2,50,42,92,2149861
2019-06-02,15,14,7,1,64,37,101,3217534
2019-06-03,14,12,4,2,66,32,98,4136693
2019-06-04,11,18,5,2,72,36,108,3114206
2019-06-05,13,22,4,2,67,41,108,2499340
2019-06-06,15,22,3,0,46,40,86,1213980
2019-06-07,14,18,5,0,56,37,93,4006018
2019-06-08,20,19,3,3,61,45,106,3209881
2019-06-09,15,13,3,4,54,35,89,1623990
2019-06-10,12,27,4,3,66,46,112,3709806
2019-06-11,9,20,6,4,57,39,96,3699636
2019-06-12,14,13,1,2,53,30,83,2379597
2019-06-13,12,17,9,2,52,40,92,2668888
2019-06-14,14,22,1,0,53,37,90,2630927
2019-06-15,16,14,1,1,54,32,86,3198660
2019-06-16,15,9,5,0,71,29,100,4386066
2019-06-17,7,18,2,1,48,28,76,2238514
2019-06-18,12,20,1,1,48,34,82,3008916
2019-06-19,9,15,2,5,58,31,89,1983569
2019-06-20,14,16,8,3,43,41,84,1387170
2019-06-21,14,15,2,1,53,32,85,3320814
2019-06-22,13,16,5,2,45,36,81,1500895
2019-06-23,12,12,4,2,48,30,78,2302247
2019-06-24,16,14,5,3,77,38,115,2894227
2019-06-25,14,14,6,0,68,34,102,3686031
2019-06-26,14,14,7,2,58,37,95,3181305
2019-06-27,12,16,2,1,46,31,77,1991556
2019-06-28,13,19,4,2,53,38,91,3248713
2019-06-29,10,13,7,0,60,30,90,2277200
2019-06-30,19,18,3,3,62,43,105,3011604
2019-07-01,16,21,4,2,57,43,100,2870069
2019-07-02,10,8,11,2,46,31,77,1929373
2019-07-03,16,20,4,2,64,42,106,2947612
2019-07-04,18,30,3,1,50,52,102,3518219
2019-07-05,11,16,4,3,65,34,99,4067013
2019-07-06,18,21,6,1,54,46,100,1561399
2019-07-07,13,21,2,2,48,38,86,2054506
2019-07-08,9,12,8,3,51,32,83,1810284
2019-07-09,10,19,3,1,54,33,87,2232403
2019-07-10,16,24,3,1,50,44,94,3358261
2019-07-11,12,18,7,5,51,42,93,2075437
2019-07-12,18,12,9,1,63,40,103,3429013
2019-07-13,15,17,4,2,58,38,96,3099168
2019-07-14,13,16,7,2,48,38,86,2303638
2019-07-15,18,19,4,1,49,42,91,2111010
2019-07-16,10,15,6,3,54,34,88,2673772
2019-07-17,15,14,1,3,45,33,78,2179428
2019-07-18,8,14,4,3,48,29,77,1991229
2019-07-19,15,13,6,0,48,34,82,2204769
2019-07-20,16,13,8,3,46,40,86,2824320
2019-07-21,11,14,3,3,54,31,85,2281832
2019-07-22,20,14,1,6,57,41,98,2920984
2019-07-23,6,18,4,0,46,28,74,2958517
2019-07-24,14,12,4,2,50,32,82,2467989
2019-07-25,14,13,6,3,60,36,96,2304846
2019-07-26,14,10,2,1,56,27,83,3600927
2019-07-27,13,8,2,1,47,24,71,1518143
2019-07-28,13,16,3,1,44,33,77,1979902
2019-07-29,13,18,3,2,51,36,87,2738488
2019-07-30,14,22,8,2,48,46,94,2706234
2019-07-31,13,13,1,3,51,30,81,3232537
2019-08-01,17,24,4,4,58,49,107,2220703
2019-08-02,12,12,4,1,53,29,82,2039549
2019-08-03,13,12,4,4,58,33,91,2974231
2019-08-04,14,14,6,2,70,36,106,2831762
2019-08-05,11,12,3,1,52,27,79,1969961
2019-08-06,14,19,3,1,58,37,95,2843914
2019-08-07,12,18,4,2,53,36,89,2442372
2019-08-08,14,11,8,5,54,38,92,2708460
2019-08-09,19,21,3,2,53,45,98,3590539
2019-08-10,10,18,2,1,62,31,93,3654101
2019-08-11,14,17,6,1,47,38,85,2433761
2019-08-12,15,16,2,1,43,34,77,2001485
2019-08-13,9,20,2,1,53,32,85,2402959
2019-08-14,15,14,2,1,52,32,84,2258724
2019-08-15,16,17,4,2,43,39,82,3184801
2019-08-16,9,8,4,1,50,22,72,2379396
2019-08-17,14,16,8,1,63,39,102,3427438
2019-08-18,10,16,6,2,53,34,87,2550603
2019-08-19,13,16,3,4,52,36,88,2928148
2019-08-20,13,11,1,2,47,27,74,2984300
2019-08-21,7,17,2,2,63,28,91,2323727
2019-08-22,10,12,4,0,47,26,73,2276353
2019-08-23,15,20,5,3,48,43,91,2171412
2019-08-24,19,15,4,1,50,39,89,2865320
2019-08-25,14,16,3,5,57,38,95,3281209
2019-08-26,10,13,4,2,54,29,83,2200663
2019-08-27,15,19,3,2,57,39,96,2513310
2019-08-28,13,20,0,1,57,34,91,3142535
2019-08-29,14,14,10,0,59,38,97,3317728
2019-08-30,13,15,7,0,60,35,95,2522158
2019-08-31,12,9,1,2,48,24,72,2319023
2019-09-01,16,21,5,2,43,44,87,2072366
2019-09-02,15,22,5,1,61,43,104,3361671
2019-09-03,19,13,3,2,43,37,80,3157417
2019-09-04,12,19,2,1,52,34,86,4023412
2019-09-05,10,20,5,3,51,38,89,2525986
2019-09-06,11,18,4,1,59,34,93,3061278
2019-09-07,11,10,8,2,47,31,78,1839676
2019-09-08,16,14,0,5,37,35,72,2130596
2019-09-09,10,10,4,1,57,25,82,2579331
2019-09-10,13,21,8,3,44,45,89,3018312
2019-09-11,13,13,5,1,48,32,80,1254113
2019-09-12,13,15,1,1,58,30,88,3180346
2019-09-13,16,11,6,1,56,34,90,2547102
2019-09-14,12,22,6,5,61,45,106,4043657
2019-09-15,14,14,1,1,51,30,81,2243509
2019-09-16,18,19,4,5,54,46,100,1798974
2019-09-17,11,16,4,1,44,32,76,1382063
2019-09-18,10,11,1,2,71,24,95,3257729
2019-09-19,7,15,5,3,58,30,88,3116561
2019-09-20,13,19,3,0,54,35,89,1798212
2019-09-21,11,17,3,2,54,33,87,3809989
2019-09-22,15,19,3,2,50,39,89,2535089
2019-09-23,17,11,3,3,46,34,80,2007777
2019-09-24,14,16,2,4,48,36,84,1707855
2019-09-25,12,12,1,1,38,26,64,2263444
2019-09-26,14,17,5,2,65,38,103,3247204
2019-09-27,5,16,4,1,46,26,72,2365949
2019-09-28,15,27,2,1,55,45,100,2115207
2019-09-29,20,9,4,0,54,33,87,2160015
2019-09-30,11,14,4,2,55,31,86,2090010
2019-10-01,13,13,1,1,56,28,84,2333131
2019-10-02,10,13,3,2,45,28,73,3647036
2019-10-03,8,13,4,3,39,28,67,2311994
2019-10-04,9,10,3,1,58,23,81,2685199
2019-10-05,16,15,4,2,48,37,85,2102330
2019-10-06,17,12,6,0,51,35,86,1831101
2019-10-07,10,6,4,1,57,21,78,2048310
2019-10-08,10,16,4,5,49,35,84,2920866
2019-10-09,13,15,4,4,48,36,84,2827775
2019-10-10,10,13,1,1,51,25,76,2053500
2019-10-11,14,14,2,1,53,31,84,3576790
2019-10-12,18,13,5,1,31,37,68,1610455
2019-10-13,9,12,2,3,55,26,81,3718050
2019-10-14,18,21,6,3,59,48,107,2487312
2019-10-15,13,16,2,3,62,34,96,2714462
2019-10-16,13,15,2,2,61,32,93,3360241
2019-10-17,8,16,7,2,58,33,91,2780829
2019-10-18,11,14,7,4,57,36,93,3449126
2019-10-19,11,17,2,3,52,33,85,2998776
2019-10-20,21,19,2,0,55,42,97,1971330
2019-10-21,10,17,5,4,53,36,89,2382044
2019-10-22,11,18,3,2,51,34,85,1751149
2019-10-23,14,12,8,3,45,37,82,2568067
2019-10-24,10,16,9,1,56,36,92,3559616
2019-10-25,17,13,4,3,45,37,82,1522468
2019-10-26,11,15,4,2,56,32,88,3137072
2019-10-27,8,19,3,4,39,34,73,2365632
2019-10-28,12,13,3,1,49,29,78,2983206
2019-10-29,12,15,3,1,47,31,78,2362428
2019-10-30,10,15,2,2,67,29,96,2357831
2019-10-31,12,12,3,1,38,28,66,1697728
2019-11-01,11,14,5,2,50,32,82,3063728
2019-11-02,13,11,2,4,54,30,84,420071
2019-11-03,15,10,4,2,42,31,73,2002076
2019-11-04,8,12,4,1,47,25,72,3341713
2019-11-05,17,19,9,3,49,48,97,3045654
2019-11-06,9,14,1,2,49,26,75,2204358
2019-11-07,12,13,8,6,50,39,89,2357410
2019-11-08,11,18,5,1,53,35,88,2923762
2019-11-09,17,9,6,4,47,36,83,2825988
2019-11-10,12,13,1,2,43,28,71,1823020
2019-11-11,7,16,3,2,54,28,82,2065072
2019-11-12,11,14,1,0,64,26,90,1250358
2019-11-13,14,12,10,2,50,38,88,1827413
2019-11-14,14,8,4,3,41,29,70,977601
2019-11-15,6,9,2,1,37,18,55,1329970
2019-11-16,9,10,7,3,44,29,73,1511510
2019-11-17,15,14,3,2,51,34,85,656859
2019-11-18,11,14,7,3,32,35,67,1072054
2019-11-19,13,13,2,1,40,29,69,1401133
2019-11-20,9,12,3,2,52,26,78,949924
2019-11-21,10,13,2,3,38,28,66,1034140
2019-11-22,15,6,2,3,35,26,61,1175532
2019-11-23,12,10,3,2,53,27,80,1730850
2019-11-24,8,14,4,0,49,26,75,1518557
2019-11-25,8,9,4,6,38,27,65,1239169
2019-11-26,9,20,6,2,48,37,85,1196146
2019-11-27,13,13,1,1,50,28,78,1140965
2019-11-28,6,8,5,1,56,20,76,2300161
2019-11-29,7,11,7,2,48,27,75,1530381
2019-11-30,11,14,3,1,51,29,80,2294366
2019-12-01,15,13,8,1,37,37,74,1148835
2019-12-02,9,12,2,3,51,26,77,1877940
2019-12-03,13,11,5,2,48,31,79,1970955
2019-12-04,11,14,1,0,49,26,75,2963954
2019-12-05,11,8,1,2,46,22,68,712883
2019-12-06,7,12,1,1,26,21,47,1124311
2019-12-07,9,15,5,1,46,30,76,977003
2019-12-08,11,11,2,3,55,27,82,1491077
2019-12-09,12,15,3,1,42,31,73,767345
2019-12-10,10,15,2,0,38,27,65,2473634
2019-12-11,12,9,4,1,39,26,65,1406986
2019-12-12,11,12,4,1,53,28,81,2420233
2019-12-13,11,13,2,2,54,28,82,2082099
2019-12-14,8,17,1,1,59,27,86,2496865
2019-12-15,11,10,6,4,58,31,89,3050282
2019-12-16,7,18,2,2,35,29,64,1762449
2019-12-17,10,15,3,1,51,29,80,1709491
2019-12-18,13,9,4,2,40,28,68,1063358
2019-12-19,10,10,1,1,45,22,67,1352445
2019-12-20,8,10,3,1,53,22,75,1051745
2019-12-21,12,17,6,3,41,38,79,1114821
2019-12-22,11,14,6,0,48,31,79,2107914
2019-12-23,13,17,2,3,52,35,87,1113170
2019-12-24,14,19,6,3,54,42,96,1561475
2019-12-25,8,22,6,2,57,38,95,910051
2019-12-26,7,21,6,2,58,36,94,1681639
2019-12-27,10,9,2,2,41,23,64,433585
2019-12-28,14,17,6,3,53,40,93,2363242
2019-12-29,8,21,3,1,40,33,73,1635579
2019-12-30,11,13,6,4,47,34,81,2132194
2019-12-31,10,15,2,1,51,28,79,2650201
2020-01-01,7,15,3,1,63,26,89,2790628
2020-01-02,18,15,5,0,47,38,85,2551736
2020-01-03,11,14,1,3,59,29,88,2596296
2020-01-04,5,15,5,1,42,26,68,2589423
2020-01-05,20,14,5,1,52,40,92,2659036
2020-01-06,11,17,2,3,53,33,86,1778942
2020-01-07,9,6,6,1,44,22,66,1321577
2020-01-08,10,7,4,1,36,22,58,154415
2020-01-09,8,21,1,0,47,30,77,1018517
2020-01-10,11,7,8,3,51,29,80,1148889
2020-01-11,13,20,3,1,56,37,93,1510597
2020-01-12,9,9,6,2,40,26,66,813735
2020-01-13,11,17,4,3,38,35,73,433605
2020-01-14,17,17,9,2,45,45,90,1050180
2020-01-15,11,15,5,1,44,32,76,1090526
2020-01-16,11,11,1,1,42,24,66,869228
2020-01-17,11,15,4,3,46,33,79,1523335
2020-01-18,10,17,5,1,49,33,82,1768293
2020-01-19,11,17,4,5,55,37,92,1966465
2020-01-20,14,14,3,4,47,35,82,1958161
2020-01-21,10,22,3,3,41,38,79,952999
2020-01-22,13,13,4,2,48,32,80,1227711
2020-01-23,14,12,1,0,42,27,69,1627054
2020-01-24,12,18,6,1,49,37,86,1350398
2020-01-25,14,19,3,4,48,40,88,2007564
2020-01-26,12,12,5,1,53,30,83,2680364
2020-01-27,10,9,2,2,44,23,67,725153
2020-01-28,14,17,4,1,41,36,77,1009728
2020-01-29,9,20,7,3,37,39,76,1252774
2020-01-30,13,12,5,2,58,32,90,2275204
2020-01-31,15,15,5,2,57,37,94,2370698
2020-02-01,11,14,4,1,50,30,80,1935279
2020-02-02,9,16,1,0,52,26,78,1566441
2020-02-03,10,12,2,4,54,28,82,2361979
2020-02-04,19,10,1,3,46,33,79,1035074
2020-02-05,15,24,3,0,50,42,92,1425178
2020-02-06,11,16,3,1,48,31,79,3495241
2020-02-07,12,22,2,2,52,38,90,2921100
2020-02-08,12,13,1,0,55,26,81,3526889
2020-02-09,8,14,6,1,43,29,72,2000535
2020-02-10,9,15,3,4,45,31,76,1946492
2020-02-11,9,15,4,3,45,31,76,1450816
2020-02-12,17,15,3,1,48,36,84,969802
2020-02-13,11,21,1,0,28,33,61,649017
2020-02-14,4,15,5,2,45,26,71,985630
2020-02-15,15,8,9,0,46,32,78,1811263
2020-02-16,11,15,6,3,45,35,80,2100154
2020-02-17,17,22,3,4,62,46,108,3427291
2020-02-18,16,16,6,2,46,40,86,2309365
2020-02-19,12,13,5,0,60,30,90,3418595
2020-02-20,15,23,4,1,58,43,101,3130668
2020-02-21,17,12,3,2,34,34,68,1400525
2020-02-22,10,12,5,4,49,31,80,3466382
2020-02-23,11,13,5,1,51,30,81,1988826
2020-02-24,11,13,6,5,45,35,80,2871535
2020-02-25,20,20,7,2,54,49,103,2719349
2020-02-26,8,16,6,1,55,31,86,2146510
2020-02-27,9,8,2,1,38,20,58,1161049
2020-02-28,10,16,2,0,60,28,88,1199979
2020-02-29,13,15,4,1,48,33,81,3084336
2020-03-01,17,10,3,3,45,33,78,2504485
2020-03-02,9,18,7,2,57,36,93,3568756
2020-03-03,12,14,5,1,50,32,82,1713817
2020-03-04,5,12,3,4,40,24,64,2566635
2020-03-05,9,16,0,1,42,26,68,1167321
2020-03-06,11,14,4,2,46,31,77,1285486
2020-03-07,12,19,5,0,49,36,85,3887139
2020-03-08,10,18,2,3,65,33,98,1898219
2020-03-09,15,10,0,3,36,28,64,3619787
2020-03-10,4,13,6,1,54,24,78,2817203
2020-03-11,11,17,5,2,37,35,72,1736270
2020-03-12,10,10,3,0,48,23,71,3295497
2020-03-13,8,20,5,2,55,35,90,2506835
2020-03-14,17,12,4,2,67,35,102,3457737
2020-03-15,13,11,0,4,35,28,63,1930658
2020-03-16,9,14,1,2,35,26,61,1543776
2020-03-17,11,9,5,2,48,27,75,2512126
2020-03-18,19,13,7,1,46,40,86,1749014
2020-03-19,14,16,2,1,44,33,77,2582434
2020-03-20,12,13,3,2,53,30,83,2318124
2020-03-21,9,6,4,2,53,21,74,2768051
2020-03-22,13,10,5,1,44,29,73,1868216
2020-03-23,12,10,2,3,43,27,70,1589456
2020-03-24,11,13,5,2,41,31,72,1026897
2020-03-25,16,12,4,2,46,34,80,832570
2020-03-26,10,20,5,2,51,37,88,2637677
2020-03-27,10,17,2,1,50,30,80,2020194
2020-03-28,14,11,5,2,51,32,83,2370615
2020-03-29,7,13,2,2,46,24,70,2686732
2020-03-30,15,10,4,3,53,32,85,1837133
2020-03-31,14,14,5,3,42,36,78,2017310
2020-04-01,14,16,5,1,44,36,80,3080546
2020-04-02,13,16,6,0,65,35,100,3750603
2020-04-03,17,17,5,3,56,42,98,3640296
2020-04-04,14,15,2,4,49,35,84,2476656
2020-04-05,12,17,8,0,59,37,96,3772645
2020-04-06,10,17,4,4,59,35,94,2884130
2020-04-07,17,22,7,1,43,47,90,1746108
2020-04-08,15,15,6,2,58,38,96,3203983
2020-04-09,17,16,2,2,55,37,92,3850490
2020-04-10,10,13,8,1,61,32,93,2136067
2020-04-11,14,21,1,3,57,39,96,3382966
2020-04-12,14,16,3,2,57,35,92,3562043
2020-04-13,13,9,1,3,53,26,79,3274054
2020-04-14,2,18,6,2,41,28,69,3149995
2020-04-15,11,12,1,2,40,26,66,1874949
2020-04-16,10,13,4,0,60,27,87,2043500
2020-04-17,12,10,3,4,50,29,79,2993723
2020-04-18,18,10,1,1,53,30,83,2582697
2020-04-19,11,16,1,2,52,30,82,3208323
2020-04-20,11,13,3,1,50,28,78,3564496
2020-04-21,7,9,5,2,56,23,79,3386870
2020-04-22,14,14,7,2,44,37,81,1183611
2020-04-23,13,17,5,3,57,38,95,2129888
2020-04-24,13,14,3,3,54,33,87,3507544
2020-04-25,8,15,8,2,58,33,91,2295329
2020-04-26,17,13,8,0,65,38,103,3693478
2020-04-27,10,11,3,3,47,27,74,1691495
2020-04-28,12,16,11,1,53,40,93,2448438
2020-04-29,10,7,7,2,43,26,69,2689987
2020-04-30,17,15,8,2,46,42,88,3169372
2020-05-01,11,19,8,6,51,44,95,4430114
2020-05-02,12,10,3,0,63,25,88,4341671
2020-05-03,14,13,4,0,49,31,80,2868217
2020-05-04,18,10,8,1,55,37,92,3087461
2020-05-05,12,13,1,1,44,27,71,2290644
2020-05-06,12,16,6,1,61,35,96,3706356
2020-05-07,14,16,6,1,47,37,84,1422777
2020-05-08,11,16,4,4,50,35,85,2865332
2020-05-09,11,18,5,1,54,35,89,2466093
2020-05-10,13,16,6,5,37,40,77,1801831
2020-05-11,12,15,3,2,58,32,90,3530692
2020-05-12,11,12,3,2,54,28,82,2449572
2020-05-13,12,12,1,4,53,29,82,2335075
2020-05-14,15,12,5,3,57,35,92,2644476
2020-05-15,12,18,4,1,60,35,95,2978175
2020-05-16,12,15,7,1,53,35,88,2608356
2020-05-17,10,17,8,1,49,36,85,3138323
2020-05-18,14,8,2,1,55,25,80,2316475
2020-05-19,15,17,5,3,50,40,90,2720611
2020-05-20,17,16,4,4,50,41,91,2550896
2020-05-21,15,16,3,2,65,36,101,4480622
2020-05-22,13,16,6,2,42,37,79,2577801
2020-05-23,14,14,4,3,46,35,81,1557400
2020-05-24,12,10,4,1,39,27,66,2189045
2020-05-25,9,16,5,1,46,31,77,1356276
2020-05-26,15,15,3,2,49,35,84,2411840
2020-05-27,10,12,3,4,49,29,78,2239466
2020-05-28,13,10,5,0,53,28,81,2193006
2020-05-29,10,17,1,2,52,30,82,3104030
2020-05-30,12,14,3,2,40,31,71,1468503
2020-05-31,15,13,7,1,51,36,87,3267899
2020-06-01,12,15,4,1,47,32,79,2509628
2020-06-02,13,15,5,2,62,35,97,2406576
2020-06-03,16,13,2,1,43,32,75,2659976
2020-06-04,12,13,7,1,67,33,100,3871975
2020-06-05,8,14,3,4,44,29,73,2413601
2020-06-06,14,13,3,2,45,32,77,2804081
2020-06-07,11,14,0,1,47,26,73,1872772
2020-06-08,8,11,3,1,49,23,72,2023174
2020-06-09,16,14,8,1,53,39,92,2471542
2020-06-10,16,12,8,1,53,37,90,3212401
2020-06-11,12,10,4,4,49,30,79,1893415
2020-06-12,14,10,4,2,49,30,79,3171979
2020-06-13,13,17,1,1,56,32,88,2719126
2020-06-14,16,17,7,0,55,40,95,2612904
2020-06-15,9,13,3,2,48,27,75,2213598
2020-06-16,18,12,6,0,52,36,88,2159804
2020-06-17,17,15,4,0,51,36,87,2171057
2020-06-18,10,12,3,1,62,26,88,2794550
2020-06-19,24,15,6,3,48,48,96,2882910
2020-06-20,15,12,5,4,53,36,89,2173989
2020-06-21,11,11,2,1,60,25,85,2751591
2020-06-22,8,12,5,2,65,27,92,2722935
2020-06-23,11,14,3,3,61,31,92,2280654
2020-06-24,13,12,6,2,42,33,75,2156900
2020-06-25,12,12,5,2,49,31,80,2456514
2020-06-26,10,14,1,2,74,27,101,3289666
2020-06-27,17,9,5,0,49,31,80,1763177
2020-06-28,15,13,4,3,42,35,77,1827648
2020-06-29,14,14,4,0,59,32,91,1463283
2020-06-30,12,14,7,0,55,33,88,1860870
2020-07-01,15,14,4,4,46,37,83,2223416
2020-07-02,12,12,6,3,49,33,82,2008425
2020-07-03,15,17,4,0,52,36,88,2814776
2020-07-04,11,20,4,2,45,37,82,3455138
2020-07-05,11,9,7,1,51,28,79,2255532
2020-07-06,12,13,3,1,58,29,87,2896141
2020-07-07,18,10,8,1,65,37,102,3536588
2020-07-08,10,12,4,1,50,27,77,1673025
2020-07-09,17,15,2,1,45,35,80,1948004
2020-07-10,10,11,5,1,45,27,72,2495687
2020-07-11,11,11,5,3,60,30,90,3925231
2020-07-12,15,13,4,0,56,32,88,2590504
2020-07-13,12,15,4,3,48,34,82,2381203
2020-07-14,11,16,4,2,61,33,94,3044306
2020-07-15,12,14,2,0,51,28,79,2794829
2020-07-16,17,9,5,1,53,32,85,2533307
2020-07-17,7,15,6,1,59,29,88,2600930
2020-07-18,16,19,2,1,56,38,94,2403844
2020-07-19,8,15,2,0,45,25,70,1776123
2020-07-20,17,12,4,2,67,35,102,2868989
2020-07-21,11,10,4,1,50,26,76,2717017
2020-07-22,9,15,6,3,47,33,80,1524750
2020-07-23,18,8,2,3,58,31,89,2604346
2020-07-24,8,20,5,1,64,34,98,2892669
2020-07-25,13,12,4,1,58,30,88,2990859
2020-07-26,17,19,4,2,56,42,98,2194644
2020-07-27,11,13,3,4,58,31,89,1915318
2020-07-28,8,14,3,1,66,26,92,2881618
2020-07-29,24,16,3,2,44,45,89,2385397
2020-07-30,9,15,5,2,63,31,94,3101221
2020-07-31,14,13,5,3,62,35,97,2993071
2020-08-01,10,16,4,2,55,32,87,2026108
2020-08-02,15,14,4,1,51,34,85,2340820
2020-08-03,9,15,4,0,67,28,95,3256316
2020-08-04,20,14,1,2,66,37,103,3049633
2020-08-05,8,17,3,2,47,30,77,3363146
2020-08-06,21,14,5,2,62,42,104,2277528
2020-08-07,10,11,6,2,59,29,88,4086725
2020-08-08,9,11,4,0,59,24,83,2667669
2020-08-09,17,14,4,1,55,36,91,1967622
2020-08-10,12,14,3,2,48,31,79,1357650
2020-08-11,11,12,2,1,64,26,90,3311111
2020-08-12,9,12,3,0,54,24,78,2490598
2020-08-13,17,16,6,3,57,42,99,2743122
2020-08-14,12,23,6,0,57,41,98,2773550
2020-08-15,11,23,4,1,70,39,109,3213766
2020-08-16,17,8,2,2,55,29,84,3483531
2020-08-17,11,15,4,2,46,32,78,1668744
2020-08-18,15,12,5,2,57,34,91,2957055
2020-08-19,13,17,4,2,49,36,85,2174733
2020-08-20,17,23,4,2,60,46,106,3143037
2020-08-21,12,8,3,0,45,23,68,1451427
2020-08-22,8,14,3,0,52,25,77,3337097
2020-08-23,16,18,4,0,58,38,96,2225285
2020-08-24,13,12,2,0,50,27,77,1645148
2020-08-25,7,8,2,1,62,18,80,2581870
2020-08-26,9,15,4,1,52,29,81,2450232
2020-08-27,12,17,7,3,42,39,81,1588369
2020-08-28,14,16,3,0,47,33,80,2306260
2020-08-29,19,19,1,3,48,42,90,2288513
2020-08-30,14,17,4,3,47,38,85,1797277
2020-08-31,15,14,6,1,55,36,91,2821932
2020-09-01,19,15,4,3,48,41,89,2740946
2020-09-02,15,21,6,0,46,42,88,2295495
2020-09-03,12,14,8,2,50,36,86,2381349
2020-09-04,9,12,2,2,60,25,85,3155758
2020-09-05,11,15,3,2,59,31,90,1694735
2020-09-06,23,17,3,2,46,45,91,1927562
2020-09-07,14,23,1,0,59,38,97,2093575
2020-09-08,14,13,3,2,58,32,90,2066825
2020-09-09,11,23,4,2,47,40,87,2864895
2020-09-10,17,16,4,5,48,42,90,2734230
2020-09-11,7,20,6,1,57,34,91,2072243
2020-09-12,21,16,6,1,58,44,102,3594454
2020-09-13,11,11,3,2,78,27,105,3241072
2020-09-14,11,18,3,0,39,32,71,1396142
2020-09-15,16,14,4,1,58,35,93,2959205
2020-09-16,14,16,7,1,51,38,89,1928604
2020-09-17,16,15,4,1,55,36,91,3900075
2020-09-18,14,14,5,1,50,34,84,2125747
2020-09-19,20,27,4,0,50,51,101,1542914
2020-09-20,14,9,7,4,65,34,99,2755755
2020-09-21,24,25,5,1,54,55,109,2732507
2020-09-22,12,22,4,2,57,40,97,2097403
2020-09-23,14,16,4,1,52,35,87,2889366
2020-09-24,12,19,3,3,62,37,99,2460444
2020-09-25,19,16,5,2,63,42,105,2942779
2020-09-26,15,22,3,1,41,41,82,1680772
2020-09-27,19,24,4,1,64,48,112,3030416
2020-09-28,16,20,9,1,41,46,87,1899229
2020-09-29,9,10,7,1,44,27,71,1853294
2020-09-30,19,22,4,0,53,45,98,2123115
2020-10-01,14,13,5,2,64,34,98,3270047
2020-10-02,12,21,2,4,56,39,95,2778209
2020-10-03,16,18,4,3,68,41,109,3961770
2020-10-04,10,19,3,3,44,35,79,1205968
2020-10-05,16,17,3,1,56,37,93,2748759
2020-10-06,11,11,5,0,73,27,100,2734397
2020-10-07,15,14,4,2,64,35,99,2445025
2020-10-08,20,17,5,3,57,45,102,2665578
2020-10-09,12,22,4,0,54,38,92,3425845
2020-10-10,10,23,6,0,50,39,89,2260293
2020-10-11,15,16,2,1,45,34,79,1601135
2020-10-12,18,20,2,1,54,41,95,2007922
2020-10-13,16,13,3,0,45,32,77,1634213
2020-10-14,11,14,2,0,45,27,72,1558854
2020-10-15,8,15,2,2,71,27,98,3826943
2020-10-16,11,20,1,2,49,34,83,2768319
2020-10-17,11,19,3,2,53,35,88,2620179
2020-10-18,9,10,1,5,58,25,83,2566856
2020-10-19,12,14,7,2,51,35,86,2683367
2020-10-20,13,15,10,0,52,38,90,1909392
2020-10-21,20,13,3,2,60,38,98,2796528
2020-10-22,8,17,3,2,60,30,90,2701019
2020-10-23,15,26,5,5,63,51,114,2807744
2020-10-24,13,17,5,1,62,36,98,2214600
2020-10-25,13,15,2,3,46,33,79,2055424
2020-10-26,12,18,6,2,62,38,100,2939870
2020-10-27,11,16,6,2,51,35,86,1900607
2020-10-28,21,14,0,3,64,38,102,1627680
2020-10-29,11,17,2,1,41,31,72,2285802
2020-10-30,11,20,4,2,58,37,95,2253007
2020-10-31,19,17,8,1,50,45,95,2960381
2020-11-01,14,11,4,1,49,30,79,3763152
2020-11-02,12,17,5,2,64,36,100,3002304
2020-11-03,12,12,3,3,48,30,78,2889699
2020-11-04,17,21,4,2,51,44,95,2978373
2020-11-05,14,16,3,3,46,36,82,2180650
2020-11-06,10,12,4,1,39,27,66,1029643
2020-11-07,11,12,2,0,50,25,75,2200432
2020-11-08,13,10,3,1,49,27,76,2582176
2020-11-09,13,12,5,0,53,30,83,2591190
2020-11-10,10,12,2,2,60,26,86,1940314
2020-11-11,10,18,4,1,54,33,87,2833218
2020-11-12,8,15,2,2,56,27,83,2108766
2020-11-13,9,13,1,2,48,25,73,1990526
2020-11-14,9,16,3,1,43,29,72,1485361
2020-11-15,11,15,5,0,44,31,75,704916
2020-11-16,12,17,2,2,43,33,76,988474
2020-11-17,10,14,2,2,52,28,80,1787959
2020-11-18,7,9,2,4,49,22,71,1728590
2020-11-19,9,19,6,4,48,38,86,767643
2020-11-20,12,19,4,2,42,37,79,1221735
2020-11-21,16,12,4,1,47,33,80,2010471
2020-11-22,11,17,3,0,45,31,76,1906998
2020-11-23,14,8,1,4,41,27,68,830822
2020-11-24,9,18,5,0,45,32,77,954222
2020-11-25,18,13,2,1,58,34,92,828127
2020-11-26,10,14,2,3,46,29,75,1224695
2020-11-27,6,15,7,2,63,30,93,1792826
2020-11-28,9,14,4,1,47,28,75,1095603
2020-11-29,14,11,3,2,50,30,80,1188327
2020-11-30,10,19,6,2,49,37,86,1180824
2020-12-01,13,11,4,3,43,31,74,1240203
2020-12-02,12,10,6,0,64,28,92,2983608
2020-12-03,13,16,3,3,63,35,98,3172173
2020-12-04,12,11,4,3,63,30,93,2807760
2020-12-05,20,10,5,0,59,35,94,3371856
2020-12-06,11,11,6,0,38,28,66,2098418
2020-12-07,8,11,1,0,55,20,75,1981164
2020-12-08,14,14,3,1,38,32,70,608098
2020-12-09,10,20,1,0,57,31,88,1843531
2020-12-10,13,19,2,2,38,36,74,1028249
2020-12-11,10,15,3,1,59,29,88,2649489
2020-12-12,5,15,3,2,46,25,71,1680879
2020-12-13,9,16,3,3,52,31,83,777977
2020-12-14,9,13,1,2,49,25,74,1112385
2020-12-15,17,17,3,2,50,39,89,1430957
2020-12-16,13,18,4,0,47,35,82,1715438
2020-12-17,12,7,5,4,62,28,90,2286639
2020-12-18,7,20,3,2,39,32,71,863472
2020-12-19,12,18,5,2,42,37,79,1071030
2020-12-20,14,9,3,1,56,27,83,1566902
2020-12-21,10,15,3,1,47,29,76,1745729
2020-12-22,11,8,4,3,49,26,75,2013102
2020-12-23,14,17,4,3,58,38,96,2318880
2020-12-24,9,13,5,2,44,29,73,1134505
2020-12-25,12,16,7,3,49,38,87,1858861
2020-12-26,13,7,3,0,60,23,83,1359820
2020-12-27,14,10,1,1,50,26,76,1658634
2020-12-28,14,20,0,1,47,35,82,824909
2020-12-29,4,18,5,1,42,28,70,1454296
2020-12-30,10,14,2,4,50,30,80,1635850
2020-12-31,19,10,3,2,59,34,93,2742785
2021-01-01,10,22,4,0,48,36,84,831722
2021-01-02,12,13,6,2,58,33,91,1814126
2021-01-03,8,17,4,1,59,30,89,1602252
2021-01-04,17,6,4,3,48,30,78,1305924
2021-01-05,13,13,3,1,58,30,88,2507020
2021-01-06,10,14,5,1,57,30,87,1176351
2021-01-07,15,12,3,0,47,30,77,2014008
2021-01-08,13,17,4,2,43,36,79,1280375
2021-01-09,12,14,2,3,50,31,81,1513982
2021-01-10,10,10,4,3,51,27,78,800551
2021-01-11,18,15,5,1,49,39,88,1311933
2021-01-12,10,12,6,2,49,30,79,1485154
2021-01-13,5,19,5,1,48,30,78,1924853
2021-01-14,12,16,2,2,52,32,84,1788386
2021-01-15,11,18,5,1,52,35,87,1690213
2021-01-16,12,16,4,1,50,33,83,2255581
2021-01-17,5,18,5,2,51,30,81,2072930
2021-01-18,14,22,5,1,53,42,95,2839450
2021-01-19,13,25,9,4,61,51,112,3059114
2021-01-20,10,17,4,1,61,32,93,2484164
2021-01-21,14,12,5,2,53,33,86,4027009
2021-01-22,13,11,4,3,42,31,73,1274655
2021-01-23,13,13,2,0,41,28,69,1268221
2021-01-24,8,14,1,2,35,25,60,844019
2021-01-25,10,11,2,0,63,23,86,2950417
2021-01-26,9,11,2,4,64,26,90,3135255
2021-01-27,14,14,7,1,60,36,96,2635882
2021-01-28,10,11,2,2,56,25,81,2846514
2021-01-29,15,21,5,0,52,41,93,2250320
2021-01-30,17,17,3,3,47,40,87,1862703
2021-01-31,10,16,4,5,60,35,95,3450935
2021-02-01,16,11,5,1,51,33,84,1767708
2021-02-02,13,18,6,6,43,43,86,1603540
2021-02-03,6,8,1,4,62,19,81,2850456
2021-02-04,22,11,5,0,59,38,97,3137086
2021-02-05,21,11,4,1,57,37,94,2636503
2021-02-06,7,13,5,3,54,28,82,3034206
2021-02-07,9,13,2,0,53,24,77,2064082
2021-02-08,11,12,6,0,52,29,81,1999587
2021-02-09,13,11,3,2,52,29,81,2452596
2021-02-10,9,17,4,2,49,32,81,2092264
2021-02-11,15,15,4,5,41,39,80,2107619
2021-02-12,8,10,6,2,65,26,91,3389223
2021-02-13,15,11,4,0,52,30,82,2373552
2021-02-14,9,9,5,1,58,24,82,3040740
2021-02-15,15,21,2,0,67,38,105,2707344
2021-02-16,16,12,6,1,48,35,83,2389317
2021-02-17,15,14,8,2,53,39,92,2131348
2021-02-18,18,16,1,3,51,38,89,2364676
2021-02-19,13,14,6,1,48,34,82,2696146
2021-02-20,14,12,4,0,50,30,80,1682739
2021-02-21,11,14,3,0,38,28,66,1326616
2021-02-22,15,11,1,2,44,29,73,2162210
2021-02-23,11,13,3,3,52,30,82,3223963
2021-02-24,11,12,3,1,50,27,77,1561051
2021-02-25,14,15,2,1,60,32,92,2371808
2021-02-26,12,10,2,2,43,26,69,2414841
2021-02-27,12,19,2,2,55,35,90,1466438
2021-02-28,12,15,1,1,43,29,72,640769
2021-03-01,16,17,3,2,59,38,97,2146750
2021-03-02,17,16,4,3,55,40,95,2896770
2021-03-03,14,14,4,2,61,34,95,2638361
2021-03-04,15,9,6,0,58,30,88,3199481
2021-03-05,13,22,3,1,53,39,92,2956843
2021-03-06,13,11,5,1,44,30,74,1995724
2021-03-07,6,16,3,2,48,27,75,2222737
2021-03-08,11,16,2,3,47,32,79,1546936
2021-03-09,8,16,5,6,58,35,93,2521387
2021-03-10,11,12,4,0,46,27,73,1503388
2021-03-11,16,12,1,3,67,32,99,4452144
2021-03-12,18,18,1,3,60,40,100,2780598
2021-03-13,11,10,4,1,48,26,74,2565891
2021-03-14,7,16,5,2,39,30,69,1606631
2021-03-15,11,16,2,1,47,30,77,2487612
2021-03-16,15,18,2,3,68,38,106,2870045
2021-03-17,21,12,1,1,57,35,92,3812590
2021-03-18,16,17,5,1,56,39,95,2467667
2021-03-19,15,17,7,3,63,42,105,2902471
2021-03-20,9,20,3,4,45,36,81,2294643
2021-03-21,8,12,4,3,50,27,77,3282674
2021-03-22,13,11,1,3,57,28,85,1585497
2021-03-23,15,17,3,6,52,41,93,2537739
2021-03-24,15,14,2,1,66,32,98,3298288
2021-03-25,18,14,1,1,59,34,93,2387011
2021-03-26,11,11,3,2,52,27,79,1607898
2021-03-27,10,15,2,4,59,31,90,2461073
2021-03-28,12,14,1,0,49,27,76,2134221
2021-03-29,11,9,5,3,54,28,82,1765547
2021-03-30,15,14,5,3,57,37,94,2285676
2021-03-31,16,17,3,2,48,38,86,1982122
2021-04-01,17,22,4,0,66,43,109,2587346
2021-04-02,14,16,2,1,47,33,80,2489579
2021-04-03,14,15,8,3,68,40,108,4465058
2021-04-04,13,14,2,2,68,31,99,3446069
2021-04-05,8,11,2,0,48,21,69,1752889
2021-04-06,14,18,0,2,39,34,73,1853631
2021-04-07,14,14,1,4,76,33,109,3447167
2021-04-08,9,18,5,1,65,33,98,2850095
2021-04-09,22,18,3,3,69,46,115,2550618
2021-04-10,10,21,4,3,60,38,98,2271214
2021-04-11,14,20,6,1,58,41,99,2225916
2021-04-12,11,17,6,3,54,37,91,3139356
2021-04-13,10,14,3,2,60,29,89,3184593
2021-04-14,20,17,5,2,52,44,96,2643919
2021-04-15,17,18,4,2,50,41,91,2849358
2021-04-16,15,12,2,2,64,31,95,2377452
2021-04-17,19,12,1,0,57,32,89,3300589
2021-04-18,12,21,3,1,56,37,93,3374061
2021-04-19,15,16,4,0,51,35,86,2571031
2021-04-20,15,21,7,2,67,45,112,3703326
2021-04-21,17,13,1,11,55,42,97,2911942
2021-04-22,20,18,7,2,74,47,121,3175985
2021-04-23,17,22,4,0,60,43,103,2594632
2021-04-24,14,24,5,2,56,45,101,2320978
2021-04-25,15,14,4,1,58,34,92,2732223
2021-04-26,13,13,3,3,53,32,85,3513070
2021-04-27,14,20,7,1,56,42,98,2541686
2021-04-28,16,14,2,3,50,35,85,2688601
2021-04-29,12,15,7,3,50,37,87,1299195
2021-04-30,17,15,5,2,50,39,89,2225126
2021-05-01,14,19,7,3,40,43,83,1751418
2021-05-02,13,10,3,1,60,27,87,2197535
2021-05-03,7,14,2,0,64,23,87,2795900
2021-05-04,11,14,4,6,52,35,87,1882922
2021-05-05,9,10,1,2,47,22,69,2369084
2021-05-06,8,19,3,0,67,30,97,4786507
2021-05-07,22,18,3,4,64,47,111,2593113
2021-05-08,13,18,3,2,60,36,96,2638464
2021-05-09,12,14,2,2,57,30,87,2360054
2021-05-10,16,21,2,3,48,42,90,2636479
2021-05-11,12,26,3,3,64,44,108,3466579
2021-05-12,20,21,4,1,58,46,104,3151907
2021-05-13,8,13,5,4,68,30,98,3133366
2021-05-14,17,10,3,1,59,31,90,2621047
2021-05-15,10,5,1,0,52,16,68,3244445
2021-05-16,13,15,6,1,44,35,79,1639031
2021-05-17,13,24,3,3,56,43,99,2064825
2021-05-18,13,12,4,2,52,31,83,3400271
2021-05-19,15,18,3,4,63,40,103,2566098
2021-05-20,10,15,5,2,49,32,81,2928660
2021-05-21,17,20,4,1,56,42,98,3385315
2021-05-22,9,20,1,2,60,32,92,2701992
2021-05-23,10,12,6,1,60,29,89,2216965
2021-05-24,14,10,6,5,57,35,92,2291620
2021-05-25,15,14,2,3,53,34,87,3071387
2021-05-26,16,9,5,2,53,32,85,1677631
2021-05-27,20,12,3,1,57,36,93,2795099
2021-05-28,12,17,3,1,45,33,78,1272809
2021-05-29,13,18,2,3,59,36,95,2340321
2021-05-30,12,20,1,1,64,34,98,2990035
2021-05-31,19,14,4,0,55,37,92,2644160
2021-06-01,16,28,2,1,51,47,98,2881461
2021-06-02,14,10,4,3,66,31,97,2430047
2021-06-03,13,15,2,2,72,32,104,3295209
2021-06-04,16,19,0,4,54,39,93,2685017
2021-06-05,21,17,2,2,56,42,98,3971466
2021-06-06,12,23,2,2,43,39,82,1673192
2021-06-07,14,17,1,1,69,33,102,2797225
2021-06-08,10,13,2,3,62,28,90,2883512
2021-06-09,14,18,4,0,51,36,87,2932968
2021-06-10,17,22,4,3,53,46,99,1759239
2021-06-11,15,19,4,1,58,39,97,3030687
2021-06-12,19,18,4,1,57,42,99,2101847
2021-06-13,11,16,3,3,65,33,98,2658411
2021-06-14,13,12,2,2,42,29,71,3239984
2021-06-15,16,19,6,1,54,42,96,2143676
2021-06-16,15,15,5,2,61,37,98,2549387
2021-06-17,11,16,3,1,58,31,89,2842419
2021-06-18,14,11,1,1,74,27,101,4056940
2021-06-19,20,14,1,1,53,36,89,2273270
2021-06-20,9,20,7,2,51,38,89,2633004
2021-06-21,13,13,0,0,61,26,87,3040907
2021-06-22,12,13,4,1,68,30,98,2950331
2021-06-23,19,18,2,6,55,45,100,3483237
2021-06-24,13,12,2,3,58,30,88,2366529
2021-06-25,13,21,4,4,63,42,105,2919045
2021-06-26,14,19,4,2,52,39,91,2207153
2021-06-27,11,15,1,0,56,27,83,3260601
2021-06-28,14,11,2,1,60,28,88,3838337
2021-06-29,18,15,1,1,62,35,97,2426414
2021-06-30,11,15,4,2,60,32,92,2320981
2021-07-01,13,15,5,2,56,35,91,2140563
2021-07-02,24,8,3,0,58,35,93,2704495
2021-07-03,14,19,4,2,60,39,99,4196614
2021-07-04,11,15,2,5,45,33,78,2079825
2021-07-05,12,15,4,1,58,32,90,2718181
2021-07-06,14,19,3,2,51,38,89,1815268
2021-07-07,16,18,2,7,66,43,109,3739497
2021-07-08,11,14,1,0,59,26,85,2673378
2021-07-09,20,13,4,5,60,42,102,2448562
2021-07-10,9,10,5,1,53,25,78,2348042
2021-07-11,11,11,2,1,55,25,80,2678347
2021-07-12,14,11,3,3,59,31,90,2177783
2021-07-13,14,20,3,0,51,37,88,2897964
2021-07-14,13,16,1,2,65,32,97,3006146
2021-07-15,14,18,2,1,50,35,85,1975156
2021-07-16,17,16,6,2,55,41,96,2907195
2021-07-17,11,10,3,1,60,25,85,2524449
2021-07-18,11,13,3,2,58,29,87,2872779
2021-07-19,15,13,4,1,60,33,93,3199910
2021-07-20,13,13,2,1,60,29,89,2351643
2021-07-21,8,11,6,0,62,25,87,2502247
2021-07-22,15,17,0,3,60,35,95,2504460
2021-07-23,18,17,2,2,65,39,104,4125488
2021-07-24,15,19,5,3,49,42,91,2076306
2021-07-25,9,12,2,2,56,25,81,2276549
2021-07-26,13,17,3,2,67,35,102,3294521
2021-07-27,16,16,1,4,67,37,104,2991222
2021-07-28,13,12,1,1,63,27,90,3697214
2021-07-29,16,10,3,2,52,31,83,2877687
2021-07-30,17,19,2,0,59,38,97,1657332
2021-07-31,9,11,1,3,53,24,77,3069070
2021-08-01,11,18,6,1,49,36,85,1897956
2021-08-02,12,12,1,1,58,26,84,2882786
2021-08-03,21,15,4,1,57,41,98,3258796
2021-08-04,9,17,4,2,60,32,92,2612525
2021-08-05,9,21,3,3,57,36,93,2569860
2021-08-06,19,21,2,4,59,46,105,3230832
2021-08-07,9,22,2,2,59,35,94,1142374
2021-08-08,12,11,4,2,62,29,91,3607569
2021-08-09,9,26,4,2,55,41,96,2650656
2021-08-10,13,12,3,0,54,28,82,3342841
2021-08-11,13,15,2,2,41,32,73,1348349
2021-08-12,14,12,3,3,54,32,86,3281827
2021-08-13,13,19,6,4,56,42,98,3337419
2021-08-14,15,13,6,1,53,35,88,2710298
2021-08-15,7,19,4,1,56,31,87,2913597
2021-08-16,12,16,2,0,38,30,68,1784815
2021-08-17,14,9,3,1,48,27,75,2518883
2021-08-18,13,13,6,3,53,35,88,2382196
2021-08-19,13,13,4,2,52,32,84,2417062
2021-08-20,9,10,1,3,60,23,83,3587752
2021-08-21,18,20,5,1,70,44,114,4391261
2021-08-22,10,13,2,3,35,28,63,2470839
2021-08-23,14,15,3,4,56,36,92,2402368
2021-08-24,13,16,4,1,58,34,92,2845069
2021-08-25,10,11,2,3,45,26,71,2598145
2021-08-26,14,15,5,2,66,36,102,2606333
2021-08-27,13,22,4,2,69,41,110,2697973
2021-08-28,14,19,2,1,52,36,88,2169810
2021-08-29,14,15,3,2,48,34,82,2144794
2021-08-30,17,14,4,0,55,35,90,2956646
2021-08-31,11,15,5,2,65,33,98,2501784
2021-09-01,21,11,2,3,53,37,90,2041950
2021-09-02,8,22,2,4,65,36,101,3115502
2021-09-03,21,20,5,1,48,47,95,3291505
2021-09-04,12,18,3,0,59,33,92,3129427
2021-09-05,8,10,2,1,51,21,72,3720924
2021-09-06,13,19,2,0,53,34,87,3163460
2021-09-07,12,14,1,2,46,29,75,1863592
2021-09-08,16,15,1,2,56,34,90,2675485
2021-09-09,12,18,4,0,63,34,97,2763734
2021-09-10,13,16,0,3,56,32,88,2250828
2021-09-11,17,20,2,1,51,40,91,2352551
2021-09-12,15,9,0,2,48,26,74,1819773
2021-09-13,10,15,1,0,51,26,77,3023952
2021-09-14,17,17,2,1,60,37,97,2188030
2021-09-15,15,18,2,4,58,39,97,3144976
2021-09-16,17,20,2,4,67,43,110,3732025
2021-09-17,14,26,3,2,51,45,96,2495455
2021-09-18,10,16,6,2,61,34,95,3327548
2021-09-19,10,10,4,1,63,25,88,2823185
2021-09-20,8,14,2,0,62,24,86,2668091
2021-09-21,18,10,5,0,47,33,80,2093405
2021-09-22,20,19,4,1,59,44,103,2733888
2021-09-23,6,16,2,3,44,27,71,2891969
2021-09-24,15,16,3,4,66,38,104,3070522
2021-09-25,19,11,6,3,72,39,111,3180812
2021-09-26,13,10,1,1,58,25,83,2266740
2021-09-27,16,17,1,1,43,35,78,2668268
2021-09-28,13,13,2,3,59,31,90,2264161
2021-09-29,13,20,7,2,59,42,101,2526650
2021-09-30,17,18,3,3,56,41,97,2539817
2021-10-01,13,22,1,2,62,38,100,2596370
2021-10-02,11,13,2,3,65,29,94,1839519
2021-10-03,8,9,1,1,49,19,68,2708363
2021-10-04,20,20,3,3,61,46,107,4216795
2021-10-05,20,15,3,2,52,40,92,3776213
2021-10-06,13,16,8,4,56,41,97,2389690
2021-10-07,16,16,2,1,58,35,93,3049777
2021-10-08,14,17,6,1,74,38,112,3430221
2021-10-09,17,15,0,2,70,34,104,3431225
2021-10-10,17,20,2,1,51,40,91,2482762
2021-10-11,4,11,1,0,32,16,48,2289619
2021-10-12,9,13,1,2,53,25,78,3455700
2021-10-13,17,19,7,1,47,44,91,2188920
2021-10-14,10,18,1,3,67,32,99,2788831
2021-10-15,15,14,2,0,72,31,103,3208176
2021-10-16,14,18,3,2,58,37,95,1966140
2021-10-17,10,25,2,0,49,37,86,3601808
2021-10-18,11,17,0,0,73,28,101,3753575
2021-10-19,12,17,2,2,50,33,83,2181620
2021-10-20,18,19,6,1,67,44,111,3963047
2021-10-21,11,14,2,1,55,28,83,2134592
2021-10-22,7,17,3,2,56,29,85,3505417
2021-10-23,15,24,3,2,52,44,96,1706923
2021-10-24,8,22,3,3,58,36,94,3169689
2021-10-25,12,15,2,3,55,32,87,3269952
2021-10-26,13,21,4,1,51,39,90,2248136
2021-10-27,5,14,5,0,63,24,87,2998273
2021-10-28,13,13,3,1,46,30,76,2704997
2021-10-29,14,17,4,3,47,38,85,3388676
2021-10-30,17,13,2,3,62,35,97,3861721
2021-10-31,11,11,2,2,57,26,83,2301867
2021-11-01,7,22,4,3,71,36,107,2643023
2021-11-02,13,22,3,0,50,38,88,2482562
2021-11-03,16,19,1,2,56,38,94,3069555
2021-11-04,12,8,1,2,54,23,77,2415339
2021-11-05,15,18,1,2,64,36,100,2629271
2021-11-06,13,12,4,2,57,31,88,2920991
2021-11-07,11,15,2,2,40,30,70,2135896
2021-11-08,9,17,3,1,43,30,73,1384723
2021-11-09,19,17,6,3,59,45,104,2982807
2021-11-10,15,19,2,1,61,37,98,2219929
2021-11-11,11,21,6,1,65,39,104,3828678
2021-11-12,10,16,2,2,40,30,70,2659611
2021-11-13,15,21,1,1,56,38,94,2546203
2021-11-14,13,17,1,2,62,33,95,3374326
2021-11-15,14,19,4,2,55,39,94,2178784
2021-11-16,12,16,4,2,62,34,96,3987479
2021-11-17,13,9,1,1,62,24,86,2575231
2021-11-18,16,22,2,1,41,41,82,1183960
2021-11-19,10,16,2,5,53,33,86,2793599
2021-11-20,7,18,2,1,59,28,87,3419568
2021-11-21,14,22,3,1,69,40,109,1928953
2021-11-22,14,17,4,2,58,37,95,4044208
2021-11-23,15,17,5,3,65,40,105,3226717
2021-11-24,15,13,4,2,48,34,82,2124675
2021-11-25,20,16,6,1,72,43,115,2979057
2021-11-26,13,19,7,0,67,39,106,3109051
2021-11-27,16,21,4,5,52,46,98,3214151
2021-11-28,11,16,1,2,47,30,77,2522977
2021-11-29,6,19,5,4,52,34,86,2708361
2021-11-30,9,20,2,1,44,32,76,1993299
2021-12-01,11,16,3,5,64,35,99,3742299
2021-12-02,13,14,2,2,51,31,82,2683782
2021-12-03,10,14,1,1,72,26,98,3659737
2021-12-04,10,14,6,1,48,31,79,2109434
2021-12-05,10,17,6,0,60,33,93,3785597
2021-12-06,12,10,2,2,52,26,78,2559410
2021-12-07,5,12,2,2,63,21,84,2395208
2021-12-08,7,16,0,2,47,25,72,2775566
2021-12-09,17,18,5,1,70,41,111,3295223
2021-12-10,11,17,0,2,59,30,89,3530360
2021-12-11,11,13,2,1,50,27,77,2035751
2021-12-12,13,11,2,1,55,27,82,2667624
2021-12-13,6,13,3,2,50,24,74,3937716
2021-12-14,16,15,5,3,70,39,109,2602634
2021-12-15,11,16,6,2,64,35,99,2919133
2021-12-16,6,14,1,0,40,21,61,1931005
2021-12-17,11,15,7,4,50,37,87,2066996
2021-12-18,13,18,4,2,72,37,109,3419755
2021-12-19,11,15,7,2,55,35,90,2794626
2021-12-20,13,12,4,1,51,30,81,2106238
2021-12-21,6,13,1,3,48,23,71,1324555
2021-12-22,11,16,3,2,50,32,82,3271042
2021-12-23,12,17,2,5,48,36,84,1539062
2021-12-24,8,16,6,1,72,31,103,3551214
2021-12-25,20,21,0,2,62,43,105,3435931
2021-12-26,14,22,1,1,50,38,88,2640445
2021-12-27,5,10,6,0,49,21,70,1723694
2021-12-28,6,12,4,0,53,22,75,2709560
2021-12-29,17,19,5,4,54,45,99,3354035
2021-12-30,10,10,2,1,58,23,81,3309382
2021-12-31,9,14,3,3,51,29,80,1711082
2022-01-01,10,12,4,1,50,27,77,2890394
2022-01-02,10,11,1,4,57,26,83,2187836
2022-01-03,11,7,2,0,59,20,79,3794380
2022-01-04,8,14,3,3,52,28,80,1997406
2022-01-05,10,16,4,4,47,34,81,3293395
2022-01-06,17,12,6,3,47,38,85,1262405
2022-01-07,13,11,5,0,43,29,72,2999924
2022-01-08,9,21,1,0,55,31,86,3320935
2022-01-09,7,16,0,1,68,24,92,3163978
2022-01-10,13,14,4,3,58,34,92,3369756
2022-01-11,13,11,2,4,55,30,85,2929167
2022-01-12,15,17,3,2,50,37,87,2242668
2022-01-13,5,13,1,2,62,21,83,2511275
2022-01-14,9,18,5,1,59,33,92,2948288
2022-01-15,11,7,2,2,53,22,75,2961675
2022-01-16,12,18,4,3,57,37,94,2128094
2022-01-17,8,13,4,0,55,25,80,3460906
2022-01-18,15,11,2,2,56,30,86,2820140
2022-01-19,20,17,3,2,50,42,92,2145154
2022-01-20,12,13,1,4,61,30,91,4416380
2022-01-21,11,11,1,1,52,24,76,1876570
2022-01-22,13,18,3,2,37,36,73,1922154
2022-01-23,11,14,1,2,45,28,73,1761816
2022-01-24,6,24,0,3,54,33,87,2933104
2022-01-25,8,17,2,4,64,31,95,3478266
2022-01-26,19,16,4,1,64,40,104,2875786
2022-01-27,15,11,4,2,68,32,100,3137792
2022-01-28,9,14,5,3,55,31,86,3493667
2022-01-29,15,12,3,2,72,32,104,3014802
2022-01-30,17,18,1,1,56,37,93,2303146
2022-01-31,12,20,3,1,54,36,90,2674946
2022-02-01,18,21,5,2,58,46,104,2412374
2022-02-02,10,13,1,3,55,27,82,3301352
2022-02-03,12,19,7,1,77,39,116,3069944
2022-02-04,21,13,4,2,63,40,103,3099798
2022-02-05,13,17,7,4,59,41,100,3172258
2022-02-06,7,16,3,2,60,28,88,3094891
2022-02-07,11,15,0,1,49,27,76,1802296
2022-02-08,16,21,4,4,61,45,106,2004838
2022-02-09,15,17,4,0,72,36,108,4252631
2022-02-10,18,15,3,5,48,41,89,2642458
2022-02-11,17,25,2,5,71,49,120,4310584
2022-02-12,15,17,1,3,72,36,108,3794815
2022-02-13,15,16,6,2,44,39,83,1843924
2022-02-14,10,10,3,0,60,23,83,3024870
2022-02-15,10,19,6,3,63,38,101,3235014
2022-02-16,23,19,7,1,57,50,107,2711250
2022-02-17,15,19,4,1,60,39,99,3272460
2022-02-18,13,16,3,0,57,32,89,3016880
2022-02-19,22,25,5,5,60,57,117,2879027
2022-02-20,11,15,1,4,72,31,103,3083531
2022-02-21,10,12,1,2,73,25,98,3894469
2022-02-22,10,11,0,3,61,24,85,2437959
2022-02-23,22,13,6,2,73,43,116,2370075
2022-02-24,14,23,5,5,52,47,99,2402408
2022-02-25,11,16,4,4,80,35,115,4057863
2022-02-26,13,19,2,1,60,35,95,3511807
2022-02-27,14,9,6,2,61,31,92,3128018
2022-02-28,13,13,5,1,45,32,77,1144520
2022-03-01,15,17,3,3,51,38,89,1953699
2022-03-02,18,15,1,2,68,36,104,2799193
2022-03-03,17,17,4,2,70,40,110,5235554
2022-03-04,9,18,4,1,60,32,92,2729972
2022-03-05,11,14,3,5,59,33,92,4164685
2022-03-06,11,18,1,3,63,33,96,2452821
2022-03-07,14,15,5,2,51,36,87,2480076
2022-03-08,13,15,3,3,68,34,102,3430560
2022-03-09,12,12,2,3,49,29,78,3748974
2022-03-10,12,21,4,3,71,40,111,2441790
2022-03-11,12,28,4,1,65,45,110,3278001
2022-03-12,17,20,6,4,53,47,100,3173324
2022-03-13,10,20,2,3,78,35,113,3978372
2022-03-14,16,20,6,3,68,45,113,2792243
2022-03-15,15,19,3,3,55,40,95,2465546
2022-03-16,11,20,7,1,73,39,112,3896753
2022-03-17,11,18,6,3,51,38,89,2168903
2022-03-18,7,10,0,1,38,18,56,1826745
2022-03-19,16,15,1,1,54,33,87,2678822
2022-03-20,9,12,9,2,53,32,85,2136178
2022-03-21,12,22,3,2,67,39,106,2932232
2022-03-22,13,19,7,1,71,40,111,3501981
2022-03-23,15,17,2,4,68,38,106,3752366
2022-03-24,18,23,5,1,79,47,126,3978927
2022-03-25,19,23,5,0,66,47,113,3525674
2022-03-26,14,13,4,2,69,33,102,3655640
2022-03-27,15,7,9,2,59,33,92,2053786
2022-03-28,7,17,0,1,51,25,76,2514993
2022-03-29,12,14,5,0,47,31,78,1908942
2022-03-30,16,18,1,3,44,38,82,1599938
2022-03-31,13,19,2,2,72,36,108,4635770
2022-04-01,21,15,2,3,70,41,111,3529345
2022-04-02,16,25,2,6,73,49,122,3280455
2022-04-03,14,11,1,1,78,27,105,3569942
2022-04-04,10,16,7,4,68,37,105,4678458
2022-04-05,18,24,1,2,60,45,105,1762292
2022-04-06,16,22,5,0,78,43,121,3412634
2022-04-07,10,18,3,2,62,33,95,3256009
2022-04-08,18,13,3,1,56,35,91,3071094
2022-04-09,15,22,6,2,64,45,109,4145696
2022-04-10,16,24,5,2,57,47,104,3684810
2022-04-11,15,15,1,1,66,32,98,2539612
2022-04-12,9,23,2,0,70,34,104,3186553
2022-04-13,20,20,4,4,57,48,105,2793386
2022-04-14,14,16,6,3,65,39,104,2947817
2022-04-15,18,8,3,0,72,29,101,2790797
2022-04-16,17,12,5,5,57,39,96,2422642
2022-04-17,14,13,5,2,74,34,108,4823634
2022-04-18,12,18,4,4,62,38,100,2682418
2022-04-19,19,15,3,2,58,39,97,3619043
2022-04-20,13,12,4,2,70,31,101,3679255
2022-04-21,19,23,4,1,44,47,91,2324831
2022-04-22,15,20,2,1,77,38,115,3243109
2022-04-23,19,15,5,5,69,44,113,3633025
2022-04-24,15,23,2,0,54,40,94,2646678
2022-04-25,18,14,4,2,65,38,103,2922095
2022-04-26,24,12,2,2,83,40,123,3220334
2022-04-27,16,15,5,2,63,38,101,3062321
2022-04-28,21,14,5,1,54,41,95,3347898
2022-04-29,18,16,1,2,67,37,104,3092118
2022-04-30,10,12,2,2,57,26,83,2973044
2022-05-01,10,20,4,2,64,36,100,1968194
2022-05-02,17,21,2,2,60,42,102,2722160
2022-05-03,17,8,4,1,65,30,95,3885794
2022-05-04,15,18,3,6,64,42,106,2298865
2022-05-05,11,23,7,1,66,42,108,2743836
2022-05-06,26,22,4,1,65,53,118,3172169
2022-05-07,26,17,4,2,57,49,106,2826009
2022-05-08,16,23,3,3,61,45,106,3798939
2022-05-09,10,13,1,3,65,27,92,3053108
2022-05-10,12,20,6,1,55,39,94,2487638
2022-05-11,18,18,2,3,62,41,103,3507536
2022-05-12,16,18,0,0,71,34,105,3419451
2022-05-13,13,16,5,1,51,35,86,3239417
2022-05-14,12,14,1,5,58,32,90,2149049
2022-05-15,7,10,3,4,47,24,71,2234719
2022-05-16,18,16,3,0,67,37,104,2148787
2022-05-17,18,21,3,2,62,44,106,3752629
2022-05-18,10,17,6,5,65,38,103,2078034
2022-05-19,12,23,5,1,59,41,100,2988845
2022-05-20,14,10,6,6,64,36,100,2510295
2022-05-21,19,22,6,0,59,47,106,3100871
2022-05-22,11,8,3,1,71,23,94,3847445
2022-05-23,12,16,2,0,58,30,88,2905971
2022-05-24,19,14,1,0,64,34,98,3270269
2022-05-25,19,14,2,3,52,38,90,2593193
2022-05-26,7,13,5,2,67,27,94,1985295
2022-05-27,16,19,1,4,73,40,113,4039672
2022-05-28,15,14,0,1,68,30,98,2658958
2022-05-29,13,18,4,4,67,39,106,3218840
2022-05-30,18,14,5,1,72,38,110,2659170
2022-05-31,15,10,2,1,64,28,92,2471687
2022-06-01,18,18,3,3,65,42,107,2432670
2022-06-02,15,19,3,5,77,42,119,3838638
2022-06-03,16,18,3,5,58,42,100,4083460
2022-06-04,18,17,3,1,54,39,93,1935654
2022-06-05,16,13,4,2,68,35,103,3246800
2022-06-06,12,13,1,4,70,30,100,2251554
2022-06-07,22,20,3,3,66,48,114,3833359
2022-06-08,21,21,5,2,69,49,118,3092904
2022-06-09,11,11,3,0,63,25,88,1858975
2022-06-10,20,15,2,5,69,42,111,4225748
2022-06-11,17,16,2,1,62,36,98,3457983
2022-06-12,12,11,2,2,62,27,89,2342539
2022-06-13,13,8,2,1,43,24,67,2173126
2022-06-14,15,24,6,1,90,46,136,5327178
2022-06-15,17,12,4,2,62,35,97,3175293
2022-06-16,16,18,0,2,76,36,112,3636428
2022-06-17,22,8,5,1,54,36,90,2256112
2022-06-18,11,20,4,2,63,37,100,2944344
2022-06-19,11,23,2,1,71,37,108,3100628
2022-06-20,22,15,1,3,61,41,102,2778687
2022-06-21,18,14,3,4,52,39,91,1524006
2022-06-22,21,21,1,2,63,45,108,4103412
2022-06-23,15,18,5,4,57,42,99,2317571
2022-06-24,11,25,4,1,62,41,103,3934470
2022-06-25,17,20,4,2,73,43,116,3356806
2022-06-26,15,11,5,1,76,32,108,3843593
2022-06-27,13,21,2,1,68,37,105,2976833
2022-06-28,17,15,2,2,61,36,97,2324024
2022-06-29,18,18,1,2,52,39,91,2163877
2022-06-30,17,21,1,4,76,43,119,3248375
2022-07-01,10,14,7,2,65,33,98,2876983
2022-07-02,14,17,4,3,54,38,92,3754451
2022-07-03,10,20,1,4,64,35,99,4205725
2022-07-04,15,16,1,2,80,34,114,3497565
2022-07-05,17,8,2,1,61,28,89,3440854
2022-07-06,12,14,6,1,57,33,90,2644173
2022-07-07,9,15,2,3,57,29,86,3054767
2022-07-08,15,18,3,1,65,37,102,4320270
2022-07-09,16,20,3,5,59,44,103,2922790
2022-07-10,8,14,1,1,62,24,86,3016892
2022-07-11,9,14,3,3,61,29,90,3194902
2022-07-12,19,11,4,0,48,34,82,2063711
2022-07-13,18,17,3,2,60,40,100,2581431
2022-07-14,17,15,5,4,73,41,114,3401408
2022-07-15,14,11,2,1,81,28,109,4636445
2022-07-16,16,12,4,6,58,38,96,3084972
2022-07-17,14,16,4,0,64,34,98,2932664
2022-07-18,17,12,2,3,64,34,98,3579616
2022-07-19,17,10,2,1,58,30,88,2931615
2022-07-20,13,21,2,2,66,38,104,3268703
2022-07-21,16,17,4,3,73,40,113,3099067
2022-07-22,12,6,1,2,65,21,86,3260566
2022-07-23,13,17,3,3,58,36,94,2966314
2022-07-24,17,16,1,3,69,37,106,2581472
2022-07-25,12,13,6,2,71,33,104,3093432
2022-07-26,15,16,5,0,63,36,99,2731441
2022-07-27,9,15,1,3,66,28,94,2979476
2022-07-28,14,14,3,3,61,34,95,2757199
2022-07-29,17,18,5,0,47,40,87,2643196
2022-07-30,10,21,4,1,76,36,112,2581857
2022-07-31,21,15,7,2,58,45,103,4078585
2022-08-01,13,14,4,1,67,32,99,3513867
2022-08-02,17,23,5,2,52,47,99,2246562
2022-08-03,19,24,7,5,66,55,121,2390215
2022-08-04,15,23,3,0,60,41,101,3287979
2022-08-05,19,17,1,7,78,44,122,3467033
2022-08-06,13,14,2,1,60,30,90,3695549
2022-08-07,19,12,2,2,70,35,105,2010537
2022-08-08,18,19,4,3,52,44,96,3643422
2022-08-09,12,19,2,2,60,35,95,1947324
2022-08-10,24,17,1,3,71,45,116,3960243
2022-08-11,13,15,5,4,66,37,103,2798291
2022-08-12,9,18,3,1,73,31,104,3088759
2022-08-13,16,19,3,2,60,40,100,2394735
2022-08-14,12,22,0,0,57,34,91,3440043
2022-08-15,14,17,2,3,59,36,95,2378279
2022-08-16,16,18,3,4,65,41,106,3121591
2022-08-17,23,17,7,5,74,52,126,4795383
2022-08-18,18,11,6,2,65,37,102,3118796
2022-08-19,27,16,5,3,76,51,127,2502937
2022-08-20,17,11,3,1,68,32,100,2892863
2022-08-21,13,17,3,2,59,35,94,3079612
2022-08-22,13,16,5,1,54,35,89,3172635
2022-08-23,19,17,2,2,63,40,103,2469484
2022-08-24,13,21,6,2,66,42,108,3555641
2022-08-25,16,17,8,1,74,42,116,2540395
2022-08-26,18,26,2,1,60,47,107,3753539
2022-08-27,20,25,2,1,66,48,114,3297841
2022-08-28,17,21,4,5,70,47,117,3680033
2022-08-29,15,24,3,1,66,43,109,3462904
2022-08-30,17,29,5,0,61,51,112,1994976
2022-08-31,13,21,4,2,63,40,103,4956622
2022-09-01,16,21,5,4,68,46,114,3238628
2022-09-02,18,17,2,2,62,39,101,3296556
2022-09-03,12,21,9,2,69,44,113,3902020
2022-09-04,17,14,3,1,73,35,108,4480379
2022-09-05,13,14,5,4,69,36,105,4205750
2022-09-06,17,24,3,2,50,46,96,2263175
2022-09-07,14,16,3,2,48,35,83,2606771
2022-09-08,9,21,7,2,61,39,100,3892984
2022-09-09,18,21,4,3,61,46,107,2649040
2022-09-10,16,22,2,1,72,41,113,2607719
2022-09-11,8,8,2,2,73,20,93,3448627
2022-09-12,26,24,1,3,72,54,126,2947016
2022-09-13,16,14,3,1,62,34,96,2944904
2022-09-14,18,21,15,2,55,56,111,3040697
2022-09-15,15,17,3,3,68,38,106,4071282
2022-09-16,17,14,6,1,76,38,114,2254884
2022-09-17,18,13,1,3,54,35,89,2593659
2022-09-18,10,25,2,0,47,37,84,2638891
2022-09-19,14,15,2,1,54,32,86,2393623
2022-09-20,18,17,7,3,69,45,114,3765838
2022-09-21,13,17,5,1,72,36,108,3593875
2022-09-22,15,13,6,1,58,35,93,2886387
2022-09-23,15,12,5,0,70,32,102,2725940
2022-09-24,20,25,10,6,64,61,125,3143135
2022-09-25,13,14,5,1,75,33,108,3971690
2022-09-26,21,27,2,0,53,50,103,1574930
2022-09-27,13,14,3,0,58,30,88,2442468
2022-09-28,15,12,2,5,64,34,98,2557747
2022-09-29,5,20,4,0,73,29,102,3032049
2022-09-30,19,14,4,3,58,40,98,3122554
2022-10-01,15,17,2,3,68,37,105,3706801
2022-10-02,12,22,4,2,65,40,105,3285854
2022-10-03,14,17,1,2,61,34,95,4289415
2022-10-04,10,15,2,2,55,29,84,3982665
2022-10-05,15,23,5,4,66,47,113,3311031
2022-10-06,15,11,3,2,58,31,89,1999690
2022-10-07,14,20,4,3,62,41,103,3048152
2022-10-08,16,18,3,3,61,40,101,2492957
2022-10-09,16,15,3,0,58,34,92,2478124
2022-10-10,21,17,4,3,55,45,100,2548848
2022-10-11,17,19,3,2,60,41,101,1979020
2022-10-12,21,20,4,4,66,49,115,3409627
2022-10-13,14,16,5,1,71,36,107,3428995
2022-10-14,16,20,5,3,56,44,100,2018283
2022-10-15,19,18,4,2,61,43,104,3462575
2022-10-16,13,14,2,1,65,30,95,3501924
2022-10-17,17,20,7,3,66,47,113,4388150
2022-10-18,15,22,2,2,61,41,102,2165306
2022-10-19,15,15,6,3,71,39,110,3624129
2022-10-20,12,16,3,2,56,33,89,2201100
2022-10-21,19,8,6,5,72,38,110,2710509
2022-10-22,17,20,4,0,58,41,99,2835605
2022-10-23,13,21,7,2,68,43,111,1900750
2022-10-24,18,11,2,3,72,34,106,4491088
2022-10-25,19,20,3,2,69,44,113,3156044
2022-10-26,15,22,9,4,72,50,122,3213765
2022-10-27,18,14,2,2,68,36,104,3413687
2022-10-28,14,22,0,7,78,43,121,3410741
2022-10-29,9,19,2,0,60,30,90,2916624
2022-10-30,20,19,5,2,64,46,110,3451639
2022-10-31,12,12,4,1,49,29,78,2324011
2022-11-01,19,19,1,2,62,41,103,3652674
2022-11-02,17,14,4,1,63,36,99,3797520
2022-11-03,16,12,4,6,59,38,97,3223331
2022-11-04,10,13,2,2,47,27,74,3039150
2022-11-05,12,11,4,5,54,32,86,2649932
2022-11-06,17,19,4,1,46,41,87,2929650
2022-11-07,5,21,2,2,64,30,94,2892274
2022-11-08,17,23,2,3,59,45,104,2314018
2022-11-09,14,12,3,1,52,30,82,3199079
2022-11-10,20,16,4,3,67,43,110,3108683
2022-11-11,15,19,5,3,70,42,112,3785983
2022-11-12,11,24,9,1,52,45,97,2220102
2022-11-13,10,10,7,1,60,28,88,3730845
2022-11-14,16,11,1,2,49,30,79,1204247
2022-11-15,11,13,4,5,47,33,80,2675317
2022-11-16,14,19,7,2,51,42,93,3499797
2022-11-17,23,10,4,0,77,37,114,4503566
2022-11-18,18,16,3,5,54,42,96,2805325
2022-11-19,12,13,4,0,59,29,88,2530303
2022-11-20,15,17,3,3,67,38,105,2703792
2022-11-21,15,12,1,2,44,30,74,2536494
2022-11-22,17,11,2,1,49,31,80,1924497
2022-11-23,18,24,4,4,58,50,108,3014837
2022-11-24,13,14,5,2,60,34,94,3056723
2022-11-25,16,13,7,0,78,36,114,2855105
2022-11-26,15,19,5,1,52,40,92,2382970
2022-11-27,16,12,6,1,73,35,108,3618332
2022-11-28,15,23,4,5,59,47,106,2663647
2022-11-29,24,15,4,4,57,47,104,2449949
2022-11-30,12,17,3,2,66,34,100,3513818
2022-12-01,13,15,3,3,54,34,88,2279297
2022-12-02,12,14,5,3,65,34,99,4243384
2022-12-03,15,11,1,4,62,31,93,3780571
2022-12-04,9,17,5,1,48,32,80,3418510
2022-12-05,19,10,3,1,56,33,89,3321063
2022-12-06,16,19,2,1,51,38,89,1694755
2022-12-07,7,21,4,4,59,36,95,4109312
2022-12-08,10,10,7,3,50,30,80,2255421
2022-12-09,14,18,3,2,50,37,87,2118730
2022-12-10,15,18,3,0,56,36,92,2746136
2022-12-11,13,15,5,2,46,35,81,2246735
2022-12-12,12,17,4,4,59,37,96,3050625
2022-12-13,15,14,2,1,61,32,93,1648756
2022-12-14,13,14,1,3,49,31,80,4112441
2022-12-15,23,12,6,3,62,44,106,3177801
2022-12-16,12,13,1,1,40,27,67,2368379
2022-12-17,12,15,8,1,66,36,102,2960070
2022-12-18,9,22,1,2,57,34,91,2397233
2022-12-19,14,19,1,0,46,34,80,1924055
2022-12-20,12,18,5,1,57,36,93,2750626
2022-12-21,15,12,3,2,48,32,80,2500181
2022-12-22,11,11,6,5,74,33,107,2767007
2022-12-23,13,10,5,2,56,30,86,2478122
2022-12-24,15,16,4,0,62,35,97,3116052
2022-12-25,14,18,8,2,55,42,97,2634481
2022-12-26,15,11,3,1,59,30,89,2966228
2022-12-27,16,15,5,2,50,38,88,2078822
2022-12-28,15,8,2,0,60,25,85,2766272
2022-12-29,12,11,6,1,45,30,75,1955750
2022-12-30,13,11,1,3,50,28,78,1887993
2022-12-31,13,24,3,1,56,41,97,2704160
2023-01-01,12,13,2,7,55,34,89,3105374
2023-01-02,9,17,4,1,59,31,90,2471175
2023-01-03,21,12,2,1,48,36,84,2620364
2023-01-04,14,13,1,1,61,29,90,4401829
2023-01-05,18,15,2,3,49,38,87,1980811
2023-01-06,9,11,5,3,44,28,72,2398387
2023-01-07,16,12,3,3,62,34,96,2926559
2023-01-08,10,16,5,3,52,34,86,2918659
2023-01-09,12,14,4,1,58,31,89,2648776
2023-01-10,17,15,8,1,50,41,91,2487966
2023-01-11,14,12,5,4,35,35,70,1686513
2023-01-12,11,13,1,0,37,25,62,1828880
2023-01-13,13,15,2,0,39,30,69,2725886
2023-01-14,9,15,4,3,52,31,83,4241819
2023-01-15,17,15,5,2,37,39,76,1562496
2023-01-16,13,16,5,1,47,35,82,2996829
2023-01-17,14,9,2,2,57,27,84,3369101
2023-01-18,12,20,1,1,59,34,93,2814747
2023-01-19,12,18,4,5,47,39,86,1632025
2023-01-20,12,14,3,0,54,29,83,2201367
2023-01-21,11,15,4,5,58,35,93,2621073
2023-01-22,14,15,3,1,61,33,94,3116528
2023-01-23,12,9,2,3,53,26,79,3567380
2023-01-24,23,12,6,4,55,45,100,2120687
2023-01-25,17,18,4,3,62,42,104,4218927
2023-01-26,15,12,2,0,64,29,93,2719627
2023-01-27,15,9,2,1,51,27,78,1882313
2023-01-28,18,15,2,0,63,35,98,2505873
2023-01-29,11,15,3,3,54,32,86,2476715
2023-01-30,8,14,1,3,51,26,77,2760291
2023-01-31,18,14,5,0,52,37,89,2458502
2023-02-01,12,5,3,0,59,20,79,2894601
2023-02-02,9,9,4,5,53,27,80,2432866
2023-02-03,5,26,7,2,61,40,101,3111042
2023-02-04,13,11,3,0,58,27,85,3011897
2023-02-05,11,12,6,1,48,30,78,2985522
2023-02-06,15,16,2,1,53,34,87,3001027
2023-02-07,14,19,8,4,64,45,109,2279361
2023-02-08,19,14,3,1,70,37,107,3951851
2023-02-09,14,19,4,2,48,39,87,3328863
2023-02-10,12,9,2,0,45,23,68,2185169
2023-02-11,14,19,4,1,52,38,90,2670598
2023-02-12,13,22,6,4,66,45,111,2792330
2023-02-13,16,9,5,3,65,33,98,3129434
2023-02-14,18,15,4,1,64,38,102,2885837
2023-02-15,17,14,4,1,54,36,90,2410033
2023-02-16,24,25,3,3,75,55,130,3522518
2023-02-17,18,16,8,2,56,44,100,3208329
2023-02-18,10,16,3,2,43,31,74,2223487
2023-02-19,16,16,4,0,42,36,78,2116404
2023-02-20,19,16,3,2,54,40,94,1987852
2023-02-21,18,16,6,4,39,44,83,1085538
2023-02-22,12,17,5,5,73,39,112,3680336
2023-02-23,20,19,7,3,70,49,119,3151997
2023-02-24,14,22,6,1,84,43,127,4529667
2023-02-25,18,19,7,3,52,47,99,2626304
2023-02-26,15,17,3,3,61,38,99,3289977
2023-02-27,14,10,2,2,70,28,98,2967487
2023-02-28,24,15,5,5,58,49,107,3781492
2023-03-01,15,14,4,2,58,35,93,2285637
2023-03-02,13,16,2,2,46,33,79,2104730
2023-03-03,17,13,3,2,55,35,90,3715264
2023-03-04,16,9,5,3,64,33,97,4300380
2023-03-05,6,11,1,4,73,22,95,4938959
2023-03-06,20,30,4,4,60,58,118,1480188
2023-03-07,17,14,3,4,67,38,105,3361598
2023-03-08,21,14,2,4,60,41,101,2894901
2023-03-09,19,19,5,3,59,46,105,2488780
2023-03-10,17,21,2,0,56,40,96,1722523
2023-03-11,20,18,2,4,62,44,106,3689100
2023-03-12,11,17,5,2,59,35,94,2993898
2023-03-13,22,12,3,2,49,39,88,2263865
2023-03-14,24,13,11,2,74,50,124,3101660
2023-03-15,15,19,7,2,66,43,109,3251489
2023-03-16,17,16,2,4,50,39,89,2848301
2023-03-17,15,18,2,0,53,35,88,1909609
2023-03-18,17,17,3,3,57,40,97,2980835
2023-03-19,15,15,7,1,66,38,104,3412180
2023-03-20,14,18,3,1,53,36,89,2865947
2023-03-21,16,9,5,0,43,30,73,1541622
2023-03-22,9,10,5,6,41,30,71,2044408
2023-03-23,14,8,2,1,53,25,78,2934340
2023-03-24,11,12,4,1,58,28,86,3131185
2023-03-25,16,20,5,1,67,42,109,2227670
2023-03-26,10,15,3,0,58,28,86,3155346
2023-03-27,19,8,6,1,50,34,84,2091044
2023-03-28,16,9,1,3,51,29,80,2516005
2023-03-29,17,17,3,4,39,41,80,2363246
2023-03-30,20,18,2,1,72,41,113,3267963
2023-03-31,11,24,7,2,68,44,112,3529807
2023-04-01,23,17,7,3,63,50,113,2481787
2023-04-02,11,12,4,0,54,27,81,3258800
2023-04-03,16,9,2,1,45,28,73,2243515
2023-04-04,14,11,6,4,49,35,84,2258038
2023-04-05,17,18,2,1,51,38,89,2763396
2023-04-06,16,24,7,2,68,49,117,3624971
2023-04-07,23,16,6,3,67,48,115,3881826
2023-04-08,17,20,6,2,73,45,118,3535966
2023-04-09,16,20,3,3,77,42,119,3722605
2023-04-10,15,21,4,4,65,44,109,3000813
2023-04-11,17,26,5,8,65,56,121,4321749
2023-04-12,17,11,5,3,81,36,117,2830014
2023-04-13,22,19,3,0,59,44,103,3584187
2023-04-14,13,15,6,2,64,36,100,2930606
2023-04-15,17,14,5,1,55,37,92,2113074
2023-04-16,14,24,1,4,61,43,104,3742101
2023-04-17,19,11,6,2,43,38,81,2273715
2023-04-18,15,15,3,6,73,39,112,3873037
2023-04-19,12,16,7,4,58,39,97,2839143
2023-04-20,18,23,3,2,76,46,122,3551744
2023-04-21,15,17,5,2,49,39,88,2868740
2023-04-22,27,17,6,1,77,51,128,3713959
2023-04-23,13,18,5,1,56,37,93,2858573
2023-04-24,24,12,3,4,72,43,115,2982198
2023-04-25,12,15,3,3,55,33,88,3044452
2023-04-26,15,10,5,4,61,34,95,2287036
2023-04-27,15,15,3,3,51,36,87,2701997
2023-04-28,24,13,6,1,57,44,101,2027008
2023-04-29,12,17,4,1,63,34,97,3960849
2023-04-30,15,7,2,3,52,27,79,2504003
2023-05-01,20,15,7,4,55,46,101,3977425
2023-05-02,17,15,4,1,57,37,94,2230659
2023-05-03,15,17,3,3,76,38,114,4090590
2023-05-04,21,17,6,3,64,47,111,2153210
2023-05-05,18,15,1,3,54,37,91,2425332
2023-05-06,21,19,6,2,65,48,113,3688521
2023-05-07,20,14,9,3,57,46,103,2473973
2023-05-08,24,19,6,1,62,50,112,3647335
2023-05-09,19,14,3,1,72,37,109,3247983
2023-05-10,16,19,6,4,60,45,105,2974399
2023-05-11,23,15,5,1,72,44,116,3808366
2023-05-12,11,21,3,2,77,37,114,3584321
2023-05-13,21,17,4,4,64,46,110,2940645
2023-05-14,18,17,2,2,63,39,102,3919279
2023-05-15,16,15,6,2,70,39,109,2904019
2023-05-16,22,18,4,5,63,49,112,3458999
2023-05-17,14,17,4,1,58,36,94,3686559
2023-05-18,20,14,5,4,64,43,107,2819252
2023-05-19,17,17,7,2,75,43,118,3233142
2023-05-20,18,13,4,2,84,37,121,3582944
2023-05-21,12,11,1,3,67,27,94,2188677
2023-05-22,20,15,5,3,52,43,95,2451537
2023-05-23,21,12,7,1,65,41,106,1175968
2023-05-24,20,12,1,3,73,36,109,2943604
2023-05-25,15,17,8,1,68,41,109,4592783
2023-05-26,16,20,5,2,54,43,97,1742578
2023-05-27,19,19,5,4,75,47,122,3822344
2023-05-28,22,21,6,1,71,50,121,3417509
2023-05-29,17,19,5,2,60,43,103,3074413
2023-05-30,19,14,3,0,76,36,112,2811534
2023-05-31,21,12,6,5,57,44,101,2911699
2023-06-01,17,9,8,1,75,35,110,2342552
2023-06-02,16,26,7,1,54,50,104,2578973
2023-06-03,29,19,7,0,83,55,138,4379426
2023-06-04,11,17,4,0,67,32,99,4235396
2023-06-05,19,24,5,1,61,49,110,4034595
2023-06-06,23,19,4,2,57,48,105,2242026
2023-06-07,18,21,6,4,72,49,121,3496838
2023-06-08,16,16,5,3,48,40,88,2098974
2023-06-09,12,21,6,2,61,41,102,3195773
2023-06-10,24,22,3,0,74,49,123,4529424
2023-06-11,12,25,5,1,70,43,113,2950477
2023-06-12,16,22,8,2,69,48,117,4051251
2023-06-13,23,18,4,1,63,46,109,3140685
2023-06-14,19,9,3,6,43,37,80,2385949
2023-06-15,19,9,2,1,59,31,90,4300086
2023-06-16,11,13,1,1,48,26,74,3411283
2023-06-17,13,15,4,0,67,32,99,2588720
2023-06-18,18,18,4,0,59,40,99,3272206
2023-06-19,16,20,7,3,69,46,115,2973127
2023-06-20,19,20,10,1,62,50,112,2570669
2023-06-21,19,18,6,5,62,48,110,2096339
2023-06-22,19,12,5,2,52,38,90,3807608
2023-06-23,20,17,7,1,66,45,111,2634573
2023-06-24,22,20,5,1,79,48,127,4291548
2023-06-25,16,13,5,2,56,36,92,2910028
2023-06-26,17,17,6,1,67,41,108,3135222
2023-06-27,22,14,2,5,54,43,97,2098527
2023-06-28,13,12,0,6,67,31,98,3056348
2023-06-29,16,17,10,1,70,44,114,3555845
2023-06-30,22,30,3,2,75,57,132,3228550
2023-07-01,22,15,11,3,64,51,115,2384270
2023-07-02,14,15,6,0,65,35,100,3391812
2023-07-03,13,11,3,4,48,31,79,3894707
2023-07-04,17,11,4,1,75,33,108,2815872
2023-07-05,19,18,6,4,80,47,127,4291672
2023-07-06,18,20,3,3,67,44,111,3414199
2023-07-07,15,17,6,3,79,41,120,3356265
2023-07-08,13,17,10,0,65,40,105,2669949
2023-07-09,16,9,4,2,62,31,93,3135150
2023-07-10,19,16,4,0,66,39,105,3440129
2023-07-11,9,18,6,1,54,34,88,3183558
2023-07-12,21,15,5,3,63,44,107,2929128
2023-07-13,18,17,4,3,66,42,108,3644783
2023-07-14,17,19,4,1,73,41,114,2384186
2023-07-15,16,17,3,2,69,38,107,3212113
2023-07-16,18,19,6,3,62,46,108,3284553
2023-07-17,14,15,6,2,65,37,102,3330702
2023-07-18,26,12,4,3,61,45,106,3161742
2023-07-19,18,22,5,4,62,49,111,3266898
2023-07-20,19,22,5,3,73,49,122,4069410
2023-07-21,18,13,7,1,64,39,103,1778260
2023-07-22,12,17,2,2,59,33,92,2768750
2023-07-23,20,11,5,3,56,39,95,2335558
2023-07-24,9,13,1,0,67,23,90,3323820
2023-07-25,19,14,3,3,54,39,93,2892042
2023-07-26,15,18,7,1,64,41,105,2458871
2023-07-27,15,10,3,4,51,32,83,3363349
2023-07-28,19,14,7,1,66,41,107,3420087
2023-07-29,15,17,2,4,61,38,99,2907448
2023-07-30,12,21,8,5,71,46,117,2070058
2023-07-31,17,20,2,0,69,39,108,3816592
2023-08-01,23,14,4,1,87,42,129,3314498
2023-08-02,14,17,3,3,67,37,104,3117804
2023-08-03,24,15,3,2,60,44,104,3614354
2023-08-04,17,17,2,3,67,39,106,2574918
2023-08-05,23,13,6,3,56,45,101,2590055
2023-08-06,15,18,3,1,71,37,108,3249261
2023-08-07,17,22,4,0,66,43,109,3201928
2023-08-08,17,14,6,3,49,40,89,2346043
2023-08-09,18,27,3,2,69,50,119,3509807
2023-08-10,19,20,5,1,61,45,106,2608168
2023-08-11,24,13,8,1,68,46,114,2506093
2023-08-12,18,18,3,2,77,41,118,3723426
2023-08-13,19,21,9,3,68,52,120,3705187
2023-08-14,22,17,1,4,67,44,111,2466442
2023-08-15,22,14,6,1,51,43,94,3025909
2023-08-16,13,23,9,4,60,49,109,2310567
2023-08-17,18,13,2,0,81,33,114,3878435
2023-08-18,19,18,7,3,56,47,103,2578618
2023-08-19,16,16,8,4,69,44,113,3307491
2023-08-20,27,13,4,2,65,46,111,3590313
2023-08-21,23,14,8,5,75,50,125,3162115
2023-08-22,19,13,3,3,63,38,101,2557905
2023-08-23,17,22,2,6,68,47,115,3096623
2023-08-24,18,16,5,0,64,39,103,3646392
2023-08-25,23,19,9,2,57,53,110,1905920
2023-08-26,19,15,8,1,77,43,120,3106794
2023-08-27,18,20,4,1,51,43,94,1508050
2023-08-28,22,15,3,2,64,42,106,3367944
2023-08-29,15,11,5,1,72,32,104,2489334
2023-08-30,20,20,6,1,58,47,105,2885487
2023-08-31,13,16,6,0,58,35,93,2324088
2023-09-01,21,28,1,4,64,54,118,3141534
2023-09-02,19,19,5,1,53,44,97,3254731
2023-09-03,9,16,6,2,67,33,100,2562764
2023-09-04,11,19,6,1,74,37,111,3509988
2023-09-05,25,15,7,0,65,47,112,3186290
2023-09-06,16,14,10,1,58,41,99,2994226
2023-09-07,13,14,6,8,69,41,110,3597158
2023-09-08,21,18,3,0,64,42,106,2706334
2023-09-09,19,15,2,3,70,39,109,2975689
2023-09-10,22,13,3,1,64,39,103,3139144
2023-09-11,25,22,6,1,57,54,111,3284141
2023-09-12,14,20,4,1,48,39,87,2235940
2023-09-13,20,15,3,3,74,41,115,2547451
2023-09-14,19,17,4,4,86,44,130,4950572
2023-09-15,21,16,2,2,60,41,101,1806253
2023-09-16,13,16,5,3,55,37,92,2123178
2023-09-17,12,13,3,2,58,30,88,2418863
2023-09-18,13,20,3,4,64,40,104,2351472
2023-09-19,16,19,4,1,74,40,114,3635015
2023-09-20,24,14,3,1,63,42,105,3419729
2023-09-21,13,18,5,4,61,40,101,1902428
2023-09-22,23,19,3,3,84,48,132,3850591
2023-09-23,12,21,4,1,53,38,91,1802631
2023-09-24,26,22,3,2,69,53,122,2476510
2023-09-25,17,19,4,2,71,42,113,3152845
2023-09-26,16,14,9,3,67,42,109,3406978
2023-09-27,18,15,5,5,59,43,102,2692475
2023-09-28,17,19,5,2,74,43,117,2869565
2023-09-29,12,16,10,3,68,41,109,2528550
2023-09-30,21,22,10,4,74,57,131,3539804
2023-10-01,17,21,7,3,61,48,109,2687227
2023-10-02,18,18,4,3,65,43,108,3712586
2023-10-03,18,14,4,3,73,39,112,3654983
2023-10-04,21,22,7,3,71,53,124,2490134
2023-10-05,16,12,7,3,63,38,101,2767981
2023-10-06,14,15,6,3,74,38,112,3631649
2023-10-07,16,16,8,1,46,41,87,2064524
2023-10-08,13,12,6,5,78,36,114,3468349
2023-10-09,19,19,5,1,61,44,105,2878588
2023-10-10,19,20,3,3,83,45,128,4282239
2023-10-11,18,15,5,4,63,42,105,2680388
2023-10-12,15,27,7,2,67,51,118,3028568
2023-10-13,25,9,10,4,65,48,113,1892868
2023-10-14,22,14,10,3,64,49,113,3765952
2023-10-15,11,18,3,3,59,35,94,3353120
2023-10-16,19,20,1,1,60,41,101,3004133
2023-10-17,13,18,4,2,63,37,100,2119453
2023-10-18,9,17,5,3,54,34,88,2809908
2023-10-19,19,17,7,2,65,45,110,3734522
2023-10-20,20,17,4,1,64,42,106,2518977
2023-10-21,11,20,5,2,52,38,90,2532543
2023-10-22,14,13,4,3,34,34,68,1734565
2023-10-23,15,12,4,1,54,32,86,2276305
2023-10-24,18,14,5,4,62,41,103,2466966
2023-10-25,19,13,8,3,56,43,99,2258926
2023-10-26,11,8,5,1,62,25,87,2613599
2023-10-27,15,21,3,3,47,42,89,2218496
2023-10-28,7,14,4,4,42,29,71,1286511
2023-10-29,14,17,6,2,75,39,114,3831094
2023-10-30,15,22,2,3,78,42,120,3773298
2023-10-31,14,20,3,1,57,38,95,3041783
2023-11-01,13,10,4,2,69,29,98,2510179
2023-11-02,16,14,7,3,64,40,104,2521069
2023-11-03,16,13,8,2,71,39,110,3494806
2023-11-04,16,20,9,0,42,45,87,1851893
2023-11-05,8,11,3,1,45,23,68,2099092
2023-11-06,11,13,8,1,59,33,92,3427576
2023-11-07,20,10,2,2,40,34,74,1540713
2023-11-08,5,15,6,3,45,29,74,2252545
2023-11-09,21,16,5,4,65,46,111,2965351
2023-11-10,21,21,8,1,63,51,114,3165131
2023-11-11,10,17,4,2,72,33,105,3450711
2023-11-12,14,20,7,3,60,44,104,2718560
2023-11-13,17,17,5,3,74,42,116,2460505
2023-11-14,15,12,3,3,55,33,88,3352768
2023-11-15,10,18,2,0,50,30,80,1527082
2023-11-16,9,17,2,4,39,32,71,2663721
2023-11-17,14,15,1,1,47,31,78,2616529
2023-11-18,9,15,7,0,69,31,100,3417898
2023-11-19,10,18,7,4,44,39,83,1922200
2023-11-20,11,11,2,1,59,25,84,1618984
2023-11-21,10,12,2,3,50,27,77,2592840
2023-11-22,9,15,2,3,44,29,73,1027071
2023-11-23,14,14,4,0,49,32,81,1503481
2023-11-24,15,19,4,2,58,40,98,2075873
2023-11-25,10,9,4,0,44,23,67,2183041
2023-11-26,8,9,5,0,47,22,69,3507907
2023-11-27,13,14,3,3,55,33,88,2809000
2023-11-28,15,12,3,1,51,31,82,2717958
2023-11-29,16,16,2,3,57,37,94,2518702
2023-11-30,9,14,2,2,50,27,77,2667481
2023-12-01,11,11,2,3,41,27,68,2481681
2023-12-02,18,13,3,2,45,36,81,3207408
2023-12-03,12,20,7,2,68,41,109,3298196
2023-12-04,11,17,4,3,52,35,87,2717683
2023-12-05,16,9,4,4,61,33,94,2763640
2023-12-06,18,7,5,3,56,33,89,2306907
2023-12-07,14,16,2,3,47,35,82,3023060
2023-12-08,12,17,3,0,48,32,80,1748088
2023-12-09,11,15,5,0,55,31,86,3353675
2023-12-10,9,12,3,4,52,28,80,1303069
2023-12-11,24,7,2,0,51,33,84,2186195
2023-12-12,10,16,5,3,53,34,87,2396787
2023-12-13,15,17,4,2,48,38,86,1848236
2023-12-14,12,13,6,5,41,36,77,2404454
2023-12-15,14,10,2,1,51,27,78,2857432
2023-12-16,16,15,2,0,49,33,82,2482072
2023-12-17,15,14,3,3,43,35,78,2279391
2023-12-18,10,7,4,2,39,23,62,1604501
2023-12-19,11,12,2,3,50,28,78,1600785
2023-12-20,12,17,4,2,52,35,87,2464066
2023-12-21,13,19,2,2,56,36,92,2715469
2023-12-22,13,14,7,1,59,35,94,2689521
2023-12-23,10,12,1,4,61,27,88,2288247
2023-12-24,10,17,6,4,41,37,78,1811583
2023-12-25,12,15,9,1,57,37,94,2963497
2023-12-26,13,14,2,4,68,33,101,3481176
2023-12-27,17,15,1,1,52,34,86,1794864
2023-12-28,16,11,5,2,61,34,95,3260162
2023-12-29,16,17,9,3,57,45,102,2247375
2023-12-30,12,15,7,0,55,34,89,3128410
2023-12-31,14,9,0,2,45,25,70,3463641
2024-01-01,7,11,2,3,49,23,72,2371536
2024-01-02,10,14,3,4,58,31,89,2671060
2024-01-03,16,17,3,2,48,38,86,3198706
2024-01-04,12,19,4,3,57,38,95,2528113
2024-01-05,10,17,7,1,57,35,92,2647069
2024-01-06,13,9,1,3,50,26,76,2550625
2024-01-07,11,10,3,1,49,25,74,2767736
2024-01-08,6,13,4,3,49,26,75,1879486
2024-01-09,7,11,2,2,50,22,72,2337648
2024-01-10,18,14,3,3,42,38,80,1475519
2024-01-11,7,10,4,3,61,24,85,3452057
2024-01-12,8,15,5,3,57,31,88,2948322
2024-01-13,14,7,5,0,50,26,76,2357614
2024-01-14,13,17,7,3,57,40,97,2306412
2024-01-15,13,19,4,2,74,38,112,3769031
2024-01-16,14,14,3,4,63,35,98,3149259
2024-01-17,21,11,4,5,53,41,94,2687371
2024-01-18,10,10,3,0,48,23,71,2383045
2024-01-19,14,12,2,2,42,30,72,1667828
2024-01-20,17,20,4,3,53,44,97,1521600
2024-01-21,12,11,2,3,49,28,77,1851663
2024-01-22,17,15,5,5,54,42,96,3186995
2024-01-23,18,21,7,4,49,50,99,1754715
2024-01-24,12,8,5,4,54,29,83,2624753
2024-01-25,11,11,2,2,55,26,81,3206935
2024-01-26,14,12,9,2,57,37,94,1580011
2024-01-27,13,17,3,2,42,35,77,2619330
2024-01-28,16,14,9,4,46,43,89,2784184
2024-01-29,10,18,3,3,41,34,75,2527116
2024-01-30,11,10,3,4,50,28,78,2782086
2024-01-31,10,10,0,3,63,23,86,2705747
2024-02-01,18,15,4,3,51,40,91,3203544
2024-02-02,10,21,2,3,49,36,85,3741720
2024-02-03,18,10,2,1,39,31,70,1611639
2024-02-04,14,15,4,1,42,34,76,2285489
2024-02-05,8,11,2,2,48,23,71,2497247
2024-02-06,16,13,3,5,38,37,75,1579410
2024-02-07,18,18,4,1,54,41,95,2207866
2024-02-08,10,12,4,2,67,28,95,2996184
2024-02-09,21,14,2,3,43,40,83,1133240
2024-02-10,12,17,3,2,48,34,82,2888260
2024-02-11,12,16,6,2,60,36,96,3645018
2024-02-12,12,12,3,0,52,27,79,2370471
2024-02-13,12,9,4,2,39,27,66,2495666
2024-02-14,17,8,3,3,55,31,86,2495105
2024-02-15,16,19,3,4,65,42,107,2028142
2024-02-16,12,20,3,3,65,38,103,3782872
2024-02-17,20,16,3,1,62,40,102,2790448
2024-02-18,15,10,1,6,39,32,71,1791300
2024-02-19,18,8,6,4,56,36,92,2680134
2024-02-20,11,15,3,1,49,30,79,2218072
2024-02-21,11,18,8,2,51,39,90,2946667
2024-02-22,16,7,2,3,52,28,80,3461240
2024-02-23,23,14,4,2,47,43,90,1644043
2024-02-24,9,21,6,1,63,37,100,3122155
2024-02-25,13,17,2,3,57,35,92,2920498
2024-02-26,16,19,1,3,56,39,95,3508937
2024-02-27,11,12,3,1,46,27,73,1783426
2024-02-28,16,23,3,3,54,45,99,1930522
2024-02-29,17,13,2,0,42,32,74,1314251
2024-03-01,21,12,0,2,44,35,79,2561709
2024-03-02,9,15,4,4,37,32,69,1279096
2024-03-03,12,16,7,5,65,40,105,1911784
2024-03-04,18,11,5,3,69,37,106,3766392
2024-03-05,10,13,4,3,56,30,86,2706002
2024-03-06,10,12,3,1,50,26,76,2889106
2024-03-07,17,23,6,1,55,47,102,2234553
2024-03-08,17,14,6,2,71,39,110,3463253
2024-03-09,14,17,2,3,50,36,86,2123201
2024-03-10,19,9,6,0,52,34,86,3001134
2024-03-11,13,23,5,2,64,43,107,2635118
2024-03-12,23,15,6,5,73,49,122,3315165
2024-03-13,15,15,5,3,60,38,98,2693404
2024-03-14,22,22,6,3,72,53,125,3588830
2024-03-15,12,23,5,4,65,44,109,3014540
2024-03-16,24,18,5,1,73,48,121,3831557
2024-03-17,12,17,5,2,62,36,98,3282769
2024-03-18,25,20,5,3,64,53,117,2156105
2024-03-19,23,21,6,7,54,57,111,2856722
2024-03-20,19,20,5,5,79,49,128,4340749
2024-03-21,20,21,2,3,72,46,118,3412117
2024-03-22,18,19,5,1,57,43,100,2918256
2024-03-23,13,25,8,4,55,50,105,2352828
2024-03-24,17,17,4,1,56,39,95,2113533
2024-03-25,16,17,7,2,63,42,105,3966497
2024-03-26,17,13,3,3,57,36,93,2198246
2024-03-27,18,11,3,6,61,38,99,2705570
2024-03-28,15,14,6,1,59,36,95,2591026
2024-03-29,11,16,4,1,65,32,97,4277898
2024-03-30,20,20,6,1,59,47,106,4009821
2024-03-31,10,14,5,3,64,32,96,3468602
2024-04-01,18,13,4,3,65,38,103,2689302
2024-04-02,19,28,3,6,67,56,123,2345429
2024-04-03,22,21,7,2,55,52,107,3292243
2024-04-04,20,10,5,8,73,43,116,3506645
2024-04-05,14,18,10,3,66,45,111,3050054
2024-04-06,20,29,3,2,77,54,131,3880220
2024-04-07,22,16,4,3,56,45,101,2831549
2024-04-08,12,18,8,5,67,43,110,2252067
2024-04-09,20,18,7,2,64,47,111,2691260
2024-04-10,18,18,2,1,69,39,108,3568832
2024-04-11,15,18,6,4,59,43,102,2896245
2024-04-12,27,14,6,4,58,51,109,2357028
2024-04-13,15,19,4,0,73,38,111,3561736
2024-04-14,13,16,2,2,67,33,100,3599068
2024-04-15,8,23,5,6,61,42,103,2649188
2024-04-16,14,9,4,6,50,33,83,3600559
2024-04-17,12,16,2,1,49,31,80,1286853
2024-04-18,7,19,0,4,55,30,85,2868595
2024-04-19,19,16,2,1,73,38,111,3812593
2024-04-20,22,20,4,0,65,46,111,3268617
2024-04-21,14,16,6,1,74,37,111,3533145
2024-04-22,13,15,5,4,65,37,102,2333145
2024-04-23,21,23,5,1,70,50,120,2403308
2024-04-24,21,18,4,3,56,46,102,4012430
2024-04-25,19,13,4,4,54,40,94,3138860
2024-04-26,25,19,0,2,57,46,103,2548487
2024-04-27,19,19,2,2,70,42,112,2420431
2024-04-28,10,17,3,2,58,32,90,3418917
2024-04-29,18,15,3,3,59,39,98,1567033
2024-04-30,19,22,3,5,72,49,121,2482453
2024-05-01,20,19,2,3,66,44,110,3736243
2024-05-02,13,14,4,0,45,31,76,1882980
2024-05-03,17,15,1,2,53,35,88,2694887
2024-05-04,22,12,6,4,87,44,131,3684750
2024-05-05,20,16,3,2,68,41,109,3721216
2024-05-06,26,10,6,1,61,43,104,3384149
2024-05-07,13,16,7,3,68,39,107,3574379
2024-05-08,20,23,2,5,54,50,104,1430903
2024-05-09,12,19,7,1,63,39,102,3020826
2024-05-10,15,22,4,6,53,47,100,3517314
2024-05-11,20,19,9,5,68,53,121,3353406
2024-05-12,15,19,6,1,66,41,107,1867658
2024-05-13,20,21,5,3,74,49,123,5200252
2024-05-14,20,16,4,0,67,40,107,2863470
2024-05-15,22,15,7,4,71,48,119,2485303
2024-05-16,18,14,6,5,64,43,107,2099475
2024-05-17,17,24,3,3,55,47,102,2560152
2024-05-18,28,16,6,4,71,54,125,2483750
2024-05-19,17,21,2,3,61,43,104,3198565
2024-05-20,18,16,1,8,60,43,103,2917221
2024-05-21,13,16,6,2,69,37,106,3651843
2024-05-22,17,24,5,0,61,46,107,2178807
2024-05-23,18,14,5,2,68,39,107,3621824
2024-05-24,18,23,7,3,72,51,123,3133388
2024-05-25,18,15,6,3,67,42,109,2834260
2024-05-26,20,19,3,3,76,45,121,2246222
2024-05-27,18,13,4,4,57,39,96,3092065
2024-05-28,15,22,5,3,76,45,121,4146644
2024-05-29,17,19,10,5,62,51,113,2901952
2024-05-30,15,19,6,2,63,42,105,2411536
2024-05-31,15,16,7,5,55,43,98,2706375
2024-06-01,20,15,2,1,66,38,104,3112898
2024-06-02,15,16,3,1,81,35,116,3596847
2024-06-03,19,16,4,3,59,42,101,3645709
2024-06-04,19,16,7,4,59,46,105,2678901
2024-06-05,28,14,5,4,59,51,110,3316679
2024-06-06,23,20,6,6,58,55,113,2681765
2024-06-07,19,21,7,2,67,49,116,2160634
2024-06-08,15,12,3,3,68,33,101,3552781
2024-06-09,19,13,2,3,76,37,113,3170278
2024-06-10,18,23,6,1,61,48,109,2237982
2024-06-11,17,20,6,4,70,47,117,2376264
2024-06-12,21,18,7,8,65,54,119,2715854
2024-06-13,29,22,7,5,55,63,118,2465733
2024-06-14,14,17,2,6,59,39,98,2950405
2024-06-15,13,23,8,4,64,48,112,2942320
2024-06-16,15,17,7,1,57,40,97,3216420
2024-06-17,17,12,2,3,69,34,103,2731931
2024-06-18,26,10,7,5,51,48,99,2232917
2024-06-19,17,23,4,2,68,46,114,3335316
2024-06-20,12,21,2,4,56,39,95,2494136
2024-06-21,14,9,4,5,53,32,85,2233133
2024-06-22,20,20,4,3,58,47,105,2394733
2024-06-23,23,20,3,2,61,48,109,2481178
2024-06-24,14,23,3,3,68,43,111,3072437
2024-06-25,20,18,2,4,66,44,110,2815259
2024-06-26,17,17,2,3,60,39,99,2266186
2024-06-27,13,16,7,3,76,39,115,3042318
2024-06-28,15,9,8,4,63,36,99,3256297
2024-06-29,17,25,4,1,45,47,92,2078098
2024-06-30,18,14,5,1,65,38,103,3349511
2024-07-01,25,13,5,3,49,46,95,1894097
2024-07-02,27,21,3,5,83,56,139,3126017
2024-07-03,15,19,5,5,57,44,101,2516428
2024-07-04,15,15,6,2,77,38,115,2336376
2024-07-05,18,15,4,2,46,39,85,2744836
2024-07-06,22,15,5,5,63,47,110,3357527
2024-07-07,18,10,5,4,70,37,107,3468003
2024-07-08,22,13,4,1,62,40,102,2009234
2024-07-09,23,17,5,7,77,52,129,3837620
2024-07-10,20,12,5,4,64,41,105,2611846
2024-07-11,19,25,6,4,70,54,124,2958440
2024-07-12,19,10,7,2,67,38,105,2997358
2024-07-13,21,20,8,2,69,51,120,2894668
2024-07-14,17,11,6,3,63,37,100,3313349
2024-07-15,10,16,5,3,70,34,104,2865000
2024-07-16,16,18,5,6,65,45,110,2520887
2024-07-17,17,18,9,5,70,49,119,4276525
2024-07-18,17,13,8,2,64,40,104,2290063
2024-07-19,18,14,5,1,61,38,99,3071355
2024-07-20,17,18,3,3,54,41,95,1506718
2024-07-21,17,17,5,3,63,42,105,3850754
2024-07-22,19,16,4,0,58,39,97,2392398
2024-07-23,24,18,2,1,57,45,102,3642152
2024-07-24,18,11,4,4,69,37,106,3028015
2024-07-25,15,17,4,5,69,41,110,3876166
2024-07-26,17,10,6,6,51,39,90,2147938
2024-07-27,25,13,3,2,61,43,104,2971031
2024-07-28,21,21,4,2,63,48,111,2681104
2024-07-29,16,16,6,5,69,43,112,3193236
2024-07-30,19,21,2,3,47,45,92,2282795
2024-07-31,18,8,6,3,73,35,108,2737774
2024-08-01,18,14,5,6,52,43,95,2655580
2024-08-02,15,17,2,4,60,38,98,2800896
2024-08-03,22,14,6,4,66,46,112,3438750
2024-08-04,18,12,4,4,61,38,99,2054228
2024-08-05,19,21,5,2,55,47,102,2426107
2024-08-06,22,12,6,4,66,44,110,2946282
2024-08-07,16,13,3,2,53,34,87,2818939
2024-08-08,13,14,1,5,66,33,99,2755177
2024-08-09,14,22,5,1,65,42,107,3337238
2024-08-10,14,17,6,3,76,40,116,3651448
2024-08-11,21,24,2,2,56,49,105,2614050
2024-08-12,10,18,7,6,73,41,114,2939808
2024-08-13,15,11,8,4,57,38,95,3684558
2024-08-14,18,14,3,3,56,38,94,2512235
2024-08-15,13,7,3,3,52,26,78,3185524
2024-08-16,19,14,7,1,52,41,93,2612804
2024-08-17,9,11,1,2,49,23,72,3161620
2024-08-18,15,5,1,2,54,23,77,3370209
2024-08-19,19,20,6,2,45,47,92,1893767
2024-08-20,13,10,1,0,47,24,71,2720655
2024-08-21,14,13,6,4,57,37,94,2698212
2024-08-22,19,16,5,5,54,45,99,2006923
2024-08-23,28,17,6,6,50,57,107,2859220
2024-08-24,18,19,6,1,78,44,122,3138533
2024-08-25,17,16,5,4,58,42,100,2735004
2024-08-26,16,23,8,6,72,53,125,3349403
2024-08-27,25,13,4,3,83,45,128,3060671
2024-08-28,19,22,2,4,75,47,122,3893110
2024-08-29,19,22,2,4,66,47,113,1785014
2024-08-30,12,16,5,3,66,36,102,2762165
2024-08-31,14,12,4,1,53,31,84,2220855
2024-09-01,24,13,5,3,55,45,100,2031272
2024-09-02,15,16,4,5,60,40,100,2578845
2024-09-03,23,17,4,4,87,48,135,3772901
2024-09-04,16,19,3,6,69,44,113,3529805
2024-09-05,15,16,4,3,68,38,106,3217382
2024-09-06,29,15,2,3,59,49,108,3520455
2024-09-07,15,18,3,6,70,42,112,2142087
2024-09-08,21,22,1,1,52,45,97,1997812
2024-09-09,14,19,5,5,73,43,116,3588378
2024-09-10,18,18,8,4,68,48,116,3046125
2024-09-11,14,13,7,5,63,39,102,2792811
2024-09-12,21,26,2,2,67,51,118,2594973
2024-09-13,20,20,4,5,68,49,117,2079975
2024-09-14,21,16,6,4,67,47,114,3066533
2024-09-15,26,16,11,5,60,58,118,2485026
2024-09-16,15,18,9,2,57,44,101,3040982
2024-09-17,21,12,6,5,55,44,99,2437048
2024-09-18,21,21,5,2,73,49,122,4708273
2024-09-19,14,13,6,2,65,35,100,3279094
2024-09-20,26,16,2,4,60,48,108,1600230
2024-09-21,20,19,9,3,65,51,116,2421247
2024-09-22,20,17,7,3,59,47,106,3122840
2024-09-23,20,18,4,4,78,46,124,4102803
2024-09-24,15,21,6,6,67,48,115,2823061
2024-09-25,17,15,7,1,62,40,102,3727756
2024-09-26,14,21,4,4,55,43,98,1832945
2024-09-27,28,14,10,5,59,57,116,2905967
2024-09-28,28,18,5,3,68,54,122,2335481
2024-09-29,13,21,3,0,49,37,86,2402272
2024-09-30,23,11,7,0,45,41,86,2526955
2024-10-01,15,16,4,3,58,38,96,2114970
2024-10-02,27,20,5,6,76,58,134,3376364
2024-10-03,16,16,6,5,47,43,90,1529749
2024-10-04,19,18,5,3,65,45,110,3094895
2024-10-05,18,15,3,4,68,40,108,3701518
2024-10-06,21,15,9,2,56,47,103,2884362
2024-10-07,14,21,3,3,59,41,100,2968928
2024-10-08,18,16,8,3,63,45,108,2893147
2024-10-09,26,15,7,6,60,54,114,2657960
2024-10-10,19,21,6,3,64,49,113,2760758
2024-10-11,21,11,5,1,65,38,103,3212442
2024-10-12,25,13,6,7,70,51,121,3595191
2024-10-13,22,20,2,4,69,48,117,2869426
2024-10-14,17,15,3,3,52,38,90,2479719
2024-10-15,12,17,2,5,59,36,95,2770337
2024-10-16,18,7,5,1,52,31,83,2128470
2024-10-17,16,17,9,8,60,50,110,2063995
2024-10-18,15,16,8,3,63,42,105,3732066
2024-10-19,27,12,4,3,68,46,114,2611842
2024-10-20,21,24,1,4,46,50,96,2110912
2024-10-21,12,12,6,6,55,36,91,1415517
2024-10-22,19,10,3,7,50,39,89,2180381
2024-10-23,23,11,3,3,37,40,77,2649346
2024-10-24,21,20,5,5,59,51,110,3148900
2024-10-25,21,17,6,3,60,47,107,3031619
2024-10-26,29,7,6,7,51,49,100,2082560
2024-10-27,19,18,2,4,56,43,99,2274046
2024-10-28,12,12,4,1,45,29,74,1968928
2024-10-29,13,11,6,5,36,35,71,1760654
2024-10-30,11,14,2,4,48,31,79,611357
2024-10-31,21,18,3,0,39,42,81,1342737
2024-11-01,20,13,5,1,59,39,98,2042671
2024-11-02,19,10,10,3,64,42,106,2929063
2024-11-03,13,17,6,3,65,39,104,3143009
2024-11-04,27,19,5,5,67,56,123,3025109
2024-11-05,20,18,7,7,68,52,120,2881096
2024-11-06,23,15,2,3,48,43,91,3247010
2024-11-07,23,22,3,1,66,49,115,3335841
2024-11-08,19,23,5,3,62,50,112,3031684
2024-11-09,18,11,3,5,62,37,99,2970823
2024-11-10,24,17,8,1,63,50,113,3010301
2024-11-11,21,16,5,8,64,50,114,3424105
2024-11-12,16,18,4,2,47,40,87,2563072
2024-11-13,17,12,10,5,53,44,97,2532393
2024-11-14,15,10,5,5,47,35,82,1837663
2024-11-15,10,16,9,2,51,37,88,1543961
2024-11-16,19,22,2,0,40,43,83,2266022
2024-11-17,20,15,2,3,43,40,83,1862297
2024-11-18,14,18,5,3,60,40,100,3182337
2024-11-19,18,11,10,4,50,43,93,2450310
2024-11-20,12,14,3,3,50,32,82,2447032
2024-11-21,19,19,5,0,55,43,98,3187716
2024-11-22,20,14,6,4,40,44,84,2433420
2024-11-23,12,13,3,4,50,32,82,1608459
2024-11-24,13,15,6,1,50,35,85,1595819
2024-11-25,8,13,1,7,39,29,68,2426972
2024-11-26,10,13,6,3,44,32,76,2430698
2024-11-27,16,14,3,2,57,35,92,2899829
2024-11-28,9,20,3,3,53,35,88,1353222
2024-11-29,16,11,3,1,45,31,76,1741448
2024-11-30,27,14,6,0,53,47,100,2817941
2024-12-01,11,12,5,2,38,30,68,771246
2024-12-02,10,10,3,2,50,25,75,2339060
2024-12-03,19,11,3,4,41,37,78,1857997
2024-12-04,21,10,3,2,46,36,82,1554857
2024-12-05,16,18,5,2,55,41,96,3455552
2024-12-06,15,15,5,4,51,39,90,2089720
2024-12-07,12,9,5,2,51,28,79,2570096
2024-12-08,14,16,1,2,49,33,82,2846290
2024-12-09,18,17,7,2,45,44,89,2296517
2024-12-10,10,11,4,5,50,30,80,2518934
2024-12-11,20,15,9,5,49,49,98,2090393
2024-12-12,10,17,6,1,52,34,86,2635346
2024-12-13,20,14,5,3,58,42,100,2786467
2024-12-14,17,15,9,1,51,42,93,2167237
2024-12-15,15,12,5,1,49,33,82,3016941
2024-12-16,9,12,3,3,44,27,71,1717822
2024-12-17,19,11,6,4,42,40,82,1161408
2024-12-18,16,14,3,5,56,38,94,3039227
2024-12-19,18,10,0,6,49,34,83,1873024
2024-12-20,12,10,2,2,51,26,77,1501771
2024-12-21,17,15,1,1,50,34,84,2311336
2024-12-22,16,15,4,3,47,38,85,2974731
2024-12-23,10,7,8,2,41,27,68,2182800
2024-12-24,15,17,5,5,58,42,100,2482415
2024-12-25,14,19,3,9,55,45,100,2629734
2024-12-26,14,14,2,3,52,33,85,1870326
2024-12-27,18,14,3,3,48,38,86,1970088
2024-12-28,17,11,4,1,42,33,75,1644771
2024-12-29,12,8,4,3,48,27,75,2446889
2024-12-30,18,15,5,4,48,42,90,1957684
2024-12-31,17,17,6,0,47,40,87,1843052
2025-01-01,18,16,3,2,50,39,89,2647680
2025-01-02,14,8,4,5,44,31,75,1875522
2025-01-03,15,8,8,3,49,34,83,3445629
2025-01-04,21,17,3,1,50,42,92,2106877
2025-01-05,9,8,3,1,40,21,61,1817939
2025-01-06,18,13,3,1,35,35,70,768125
2025-01-07,13,14,4,5,43,36,79,2098624
2025-01-08,23,14,3,3,39,43,82,1938260
2025-01-09,12,16,5,3,46,36,82,2300020
2025-01-10,19,13,3,1,55,36,91,2965148
2025-01-11,15,13,1,1,66,30,96,2936896
2025-01-12,19,11,6,8,61,44,105,3128319
2025-01-13,10,12,5,1,39,28,67,1631745
2025-01-14,15,15,9,7,41,46,87,1723747
2025-01-15,15,16,4,5,44,40,84,2205204
2025-01-16,21,11,5,4,61,41,102,2335060
2025-01-17,20,11,2,4,55,37,92,2343253
2025-01-18,15,13,4,3,53,35,88,2533717
2025-01-19,13,12,4,5,43,34,77,1615431
2025-01-20,18,11,2,4,56,35,91,1728780
2025-01-21,13,15,4,4,56,36,92,2018560
2025-01-22,14,13,5,0,48,32,80,2364957
2025-01-23,12,10,2,0,44,24,68,2193712
2025-01-24,19,16,0,2,43,37,80,2572433
2025-01-25,15,17,5,3,65,40,105,2878422
2025-01-26,14,7,6,4,67,31,98,2730930
2025-01-27,18,14,1,1,56,34,90,2106147
2025-01-28,14,9,7,7,40,37,77,1759478
2025-01-29,20,11,3,2,57,36,93,1613097
2025-01-30,18,23,3,4,52,48,100,2694703
2025-01-31,22,7,4,2,50,35,85,1552841
2025-02-01,11,15,3,1,39,30,69,1924748
2025-02-02,9,7,3,1,49,20,69,1534898
2025-02-03,17,18,5,0,54,40,94,2198995
2025-02-04,10,18,1,4,51,33,84,1422085
2025-02-05,18,12,5,3,45,38,83,2232303
2025-02-06,19,19,3,5,38,46,84,1626007
2025-02-07,10,10,4,2,38,26,64,1383601
2025-02-08,13,11,4,0,40,28,68,1321673
2025-02-09,15,8,5,2,57,30,87,1664821
2025-02-10,7,12,5,3,57,27,84,3006355
2025-02-11,18,16,7,7,65,48,113,2536415
2025-02-12,20,21,6,4,64,51,115,3708823
2025-02-13,29,22,6,6,65,63,128,3043170
2025-02-14,16,11,6,2,59,35,94,2453733
2025-02-15,17,15,0,3,48,35,83,2435202
2025-02-16,13,12,3,4,47,32,79,3001796
2025-02-17,16,10,4,4,50,34,84,2487708
2025-02-18,25,15,9,4,43,53,96,2066094
2025-02-19,24,6,5,0,57,35,92,2702180
2025-02-20,16,8,3,2,48,29,77,2233136
2025-02-21,22,23,4,4,57,53,110,2594254
2025-02-22,26,17,8,1,72,52,124,3573864
2025-02-23,13,11,8,2,45,34,79,1294773
2025-02-24,15,13,1,5,43,34,77,1870577
2025-02-25,14,13,2,1,45,30,75,1971620
2025-02-26,9,6,2,1,27,18,45,725950
2025-02-27,10,12,6,3,43,31,74,888593
2025-02-28,9,14,3,0,42,26,68,1231411
2025-03-01,13,14,4,3,48,34,82,2849120
2025-03-02,10,14,2,2,41,28,69,2148581
2025-03-03,14,8,2,1,64,25,89,3528367
2025-03-04,14,12,4,5,43,35,78,1631719
2025-03-05,22,15,3,2,60,42,102,2099522
2025-03-06,18,14,4,8,72,44,116,3771532
2025-03-07,12,13,5,1,69,31,100,2518487
2025-03-08,20,15,5,3,76,43,119,2783087
2025-03-09,11,14,6,1,59,32,91,2752455
2025-03-10,23,8,6,6,56,43,99,3649334
2025-03-11,21,21,4,8,68,54,122,3832429
2025-03-12,20,9,8,1,62,38,100,2949092
2025-03-13,20,18,3,2,55,43,98,3089027
2025-03-14,22,24,3,5,62,54,116,2461632
2025-03-15,20,13,6,2,52,41,93,1824047
2025-03-16,18,15,17,3,68,53,121,3647861
2025-03-17,15,14,6,0,42,35,77,2067110
2025-03-18,21,18,8,3,56,50,106,3229335
2025-03-19,22,15,2,7,51,46,97,1931539
2025-03-20,22,17,3,1,82,43,125,3755609
2025-03-21,18,13,8,6,58,45,103,2248360
2025-03-22,19,9,4,2,60,34,94,3280937
2025-03-23,24,20,8,1,59,53,112,1882707
2025-03-24,17,14,1,5,54,37,91,2056358
2025-03-25,8,10,2,4,44,24,68,1087184
2025-03-26,18,12,3,1,32,34,66,1197745
2025-03-27,21,15,4,1,49,41,90,2783332
2025-03-28,24,19,6,0,71,49,120,2909445
2025-03-29,19,16,5,3,74,43,117,3010599
2025-03-30,16,19,3,4,82,42,124,3427884
2025-03-31,14,22,5,7,63,48,111,3467250
2025-04-01,32,18,3,8,67,61,128,3066221
2025-04-02,23,14,10,9,69,56,125,3025869
2025-04-03,18,13,4,4,80,39,119,3619692
2025-04-04,19,22,6,4,58,51,109,3972822
2025-04-05,29,20,5,4,70,58,128,2935811
2025-04-06,20,12,12,3,70,47,117,2816079
2025-04-07,20,12,4,5,56,41,97,2205908
2025-04-08,15,15,4,6,72,40,112,3699450
2025-04-09,23,26,5,6,64,60,124,2498901
2025-04-10,21,14,9,1,55,45,100,3066667
2025-04-11,26,21,4,4,57,55,112,2900995
2025-04-12,20,21,5,4,55,50,105,3324320
2025-04-13,23,14,6,3,67,46,113,3167842
2025-04-14,19,20,11,5,68,55,123,3557632
2025-04-15,18,19,5,4,73,46,119,2160219
2025-04-16,23,15,8,0,67,46,113,3013421
2025-04-17,23,8,2,3,49,36,85,1915962
2025-04-18,15,17,4,3,36,39,75,1510314
2025-04-19,16,15,1,2,56,34,90,2196000
2025-04-20,20,14,1,1,55,36,91,3421338
2025-04-21,23,18,7,5,65,53,118,2936924
2025-04-22,24,27,6,5,67,62,129,2352969
2025-04-23,24,14,6,5,68,49,117,2638139
2025-04-24,24,18,9,7,69,58,127,2067905
2025-04-25,15,17,7,6,74,45,119,3712778
2025-04-26,22,17,5,5,74,49,123,3479175
2025-04-27,16,22,3,3,66,44,110,2629728
2025-04-28,20,19,6,3,59,48,107,3143094
2025-04-29,21,23,2,3,55,49,104,2587903
2025-04-30,28,17,4,3,74,52,126,3261685
2025-05-01,16,18,1,5,61,40,101,3394228
2025-05-02,20,9,4,4,63,37,100,2456567
2025-05-03,24,13,7,5,57,49,106,2817504
2025-05-04,13,16,3,2,59,34,93,2782551
2025-05-05,20,12,5,1,72,38,110,3873669
2025-05-06,30,24,4,3,64,61,125,3131419
2025-05-07,17,8,5,5,43,35,78,2081909
2025-05-08,21,9,4,5,49,39,88,1292266
2025-05-09,22,20,7,2,60,51,111,1440255
2025-05-10,17,15,7,5,82,44,126,2843178
2025-05-11,16,12,5,0,66,33,99,3029843
2025-05-12,19,21,7,1,68,48,116,3438995
2025-05-13,14,21,7,4,72,46,118,2521143
2025-05-14,24,20,6,3,66,53,119,2798007
2025-05-15,27,13,8,2,70,50,120,3117708
2025-05-16,18,20,9,2,56,49,105,3000496
2025-05-17,26,15,5,5,54,51,105,2489974
2025-05-18,23,14,7,4,77,48,125,3305685
2025-05-19,20,16,8,2,64,46,110,3144748
2025-05-20,20,22,2,6,66,50,116,3258983
2025-05-21,22,17,9,4,62,52,114,2742350
2025-05-22,20,16,2,5,68,43,111,1819819
2025-05-23,18,25,7,4,67,54,121,3241293
2025-05-24,25,12,7,2,52,46,98,2723719
2025-05-25,26,25,2,1,60,54,114,2257893
2025-05-26,28,24,6,4,57,62,119,3611699
2025-05-27,26,15,6,5,57,52,109,2603523
2025-05-28,18,11,5,2,59,36,95,2829668
2025-05-29,14,16,11,4,77,45,122,4333470
2025-05-30,15,17,8,4,68,44,112,2184166
2025-05-31,17,19,3,4,53,43,96,2278706
2025-06-01,30,18,8,3,56,59,115,2207649
2025-06-02,22,18,11,1,67,52,119,3195828
2025-06-03,15,18,4,6,63,43,106,2886078
2025-06-04,27,9,4,4,63,44,107,3537308
2025-06-05,20,15,4,3,59,42,101,3079027
2025-06-06,15,14,3,4,50,36,86,1511301
2025-06-07,8,17,2,2,52,29,81,3339433
2025-06-08,20,19,8,1,70,48,118,3337906
2025-06-09,28,26,6,3,70,63,133,3807770
2025-06-10,31,20,7,5,67,63,130,2903859
2025-06-11,23,19,8,3,55,53,108,2290827
2025-06-12,21,13,4,3,65,41,106,3264078
2025-06-13,15,21,9,5,70,50,120,2882927
2025-06-14,19,21,6,4,65,50,115,2499052
2025-06-15,24,15,6,5,61,50,111,3577843
2025-06-16,21,16,5,6,63,48,111,3324621
2025-06-17,20,15,7,2,64,44,108,2612806
2025-06-18,21,21,11,2,70,55,125,2667662
2025-06-19,23,15,5,4,60,47,107,3648200
2025-06-20,22,15,5,2,54,44,98,2098568
2025-06-21,20,16,11,5,73,52,125,2338110
2025-06-22,20,14,6,3,63,43,106,3241441
2025-06-23,19,19,11,3,40,52,92,1973307
2025-06-24,21,15,12,1,82,49,131,2844397
2025-06-25,20,16,4,1,70,41,111,3510646
2025-06-26,26,14,4,4,68,48,116,3438563
2025-06-27,23,12,8,4,68,47,115,2416933
2025-06-28,20,17,7,3,59,47,106,3505796
2025-06-29,21,19,8,4,58,52,110,2749461
2025-06-30,15,15,8,3,53,41,94,2688679
2025-07-01,21,16,6,2,48,45,93,1870258
2025-07-02,18,15,6,4,59,43,102,2274256
2025-07-03,15,17,2,6,53,40,93,1935045
2025-07-04,16,14,6,1,65,37,102,3252975
2025-07-05,16,17,5,3,64,41,105,2234030
2025-07-06,14,14,4,3,47,35,82,1524464
2025-07-07,23,11,9,2,44,45,89,2370544
2025-07-08,16,17,8,5,48,46,94,1378056
2025-07-09,15,12,1,5,71,33,104,3958562
2025-07-10,20,14,7,4,60,45,105,3122983
2025-07-11,14,12,3,3,66,32,98,3561169
2025-07-12,25,18,1,4,66,48,114,4122276
2025-07-13,17,22,4,3,67,46,113,2198192
2025-07-14,22,20,6,7,68,55,123,3144262
2025-07-15,31,18,5,4,60,58,118,3365570
2025-07-16,16,29,2,5,67,52,119,3078842
2025-07-17,21,17,8,4,65,50,115,3753436
2025-07-18,17,21,4,3,53,45,98,2643115
2025-07-19,17,12,6,2,58,37,95,2076850
2025-07-20,25,16,3,2,66,46,112,3489738
2025-07-21,18,11,10,3,52,42,94,3240688
2025-07-22,22,11,10,9,51,52,103,2634447
2025-07-23,12,18,6,6,64,42,106,2252319
2025-07-24,18,22,2,2,47,44,91,2644259
2025-07-25,17,12,4,4,57,37,94,2765940
2025-07-26,16,13,4,3,70,36,106,3104324
2025-07-27,19,19,7,5,61,50,111,3357674
2025-07-28,19,14,7,5,65,45,110,2191081
2025-07-29,20,15,5,6,62,46,108,2562490
2025-07-30,20,16,6,5,63,47,110,3629002
2025-07-31,19,21,6,1,54,47,101,2110114
2025-08-01,13,9,5,4,55,31,86,2674952
2025-08-02,18,21,6,4,68,49,117,3774917
2025-08-03,16,17,4,2,52,39,91,2976043
2025-08-04,12,14,2,4,45,32,77,1606569
2025-08-05,32,18,4,6,62,60,122,3116374
2025-08-06,13,17,6,5,33,41,74,1659798
2025-08-07,19,5,6,4,52,34,86,3287294
2025-08-08,15,15,3,4,54,37,91,2657671
2025-08-09,22,9,5,4,57,40,97,3472129
2025-08-10,20,22,3,3,62,48,110,3062868
2025-08-11,17,18,9,5,71,49,120,3140528
2025-08-12,27,22,8,2,69,59,128,3054044
2025-08-13,19,20,6,5,76,50,126,2609481
2025-08-14,16,16,8,6,55,46,101,2758364
2025-08-15,13,10,5,2,59,30,89,2682837
2025-08-16,16,18,6,2,58,42,100,2332767
2025-08-17,21,23,8,8,80,60,140,4104925
2025-08-18,18,19,3,3,53,43,96,2286441
2025-08-19,26,19,7,6,60,58,118,4149740
2025-08-20,19,13,5,2,60,39,99,3528693
2025-08-21,15,14,3,3,59,35,94,2901850
2025-08-22,21,12,6,6,88,45,133,3212728
2025-08-23,18,13,8,3,61,42,103,2808094
2025-08-24,26,17,6,4,58,53,111,2990685
2025-08-25,19,15,7,3,60,44,104,2908309
2025-08-26,20,13,10,6,49,49,98,3005995
2025-08-27,14,22,8,5,49,49,98,2487595
2025-08-28,16,16,7,5,67,44,111,2621819
2025-08-29,25,15,6,5,53,51,104,2538852
2025-08-30,17,18,9,5,77,49,126,4037503
2025-08-31,19,18,8,5,63,50,113,2649523
2025-09-01,27,13,9,2,67,51,118,3164470
2025-09-02,13,16,3,3,48,35,83,1735291
2025-09-03,19,17,7,5,44,48,92,2510736
2025-09-04,8,15,3,3,49,29,78,1689349
2025-09-05,27,20,4,1,83,52,135,4039823
2025-09-06,18,14,10,3,67,45,112,2564850
2025-09-07,15,20,8,4,58,47,105,3021201
2025-09-08,18,13,5,3,58,39,97,2937150
2025-09-09,22,18,9,2,52,51,103,2141827
2025-09-10,16,10,9,6,44,41,85,2251636
2025-09-11,17,9,8,3,39,37,76,1800411
2025-09-12,8,10,6,3,42,27,69,1262414
2025-09-13,19,8,4,2,40,33,73,1634233
2025-09-14,10,11,4,2,46,27,73,1529812
2025-09-15,19,15,6,4,61,44,105,2408831
2025-09-16,19,16,2,8,70,45,115,2747447
2025-09-17,24,16,6,9,61,55,116,2684238
2025-09-18,26,19,3,4,70,52,122,2924345
2025-09-19,17,13,6,5,45,41,86,2614443
2025-09-20,12,9,3,1,57,25,82,2497189
2025-09-21,9,8,3,1,52,21,73,1977562
2025-09-22,8,14,4,2,40,28,68,1878592
2025-09-23,21,12,4,5,73,42,115,2847629
2025-09-24,19,14,6,5,54,44,98,2618155
2025-09-25,18,19,5,1,34,43,77,2388989
2025-09-26,16,17,2,1,48,36,84,1308517
2025-09-27,21,17,10,0,69,48,117,2960355
2025-09-28,18,17,7,1,82,43,125,4191689
2025-09-29,25,24,4,8,73,61,134,2892898
2025-09-30,22,12,10,4,56,48,104,1898176
2025-10-01,14,14,9,2,73,39,112,3416779
2025-10-02,22,13,2,5,60,42,102,3954171
2025-10-03,25,21,3,6,69,55,124,3570643
2025-10-04,27,18,6,2,74,53,127,1743216
2025-10-05,20,12,8,5,68,45,113,3565186
2025-10-06,18,21,3,2,52,44,96,2326149
2025-10-07,20,13,6,7,52,46,98,2072260
2025-10-08,9,10,2,4,27,25,52,1068598
2025-10-09,15,16,3,1,33,35,68,1548347
2025-10-10,12,16,8,3,36,39,75,1245996
2025-10-11,20,14,4,3,43,41,84,2264688
2025-10-12,8,9,8,2,33,27,60,1157999
2025-10-13,18,16,8,5,44,47,91,2114157
2025-10-14,21,21,4,4,74,50,124,4720460
2025-10-15,17,8,4,3,40,32,72,1956242
2025-10-16,11,14,2,1,34,28,62,1387761
2025-10-17,17,17,7,1,31,42,73,1571531
2025-10-18,15,16,7,2,59,40,99,2886382
2025-10-19,20,17,3,3,58,43,101,2434741
2025-10-20,10,20,2,7,63,39,102,2320499
2025-10-21,28,15,5,3,58,51,109,2237786
2025-10-22,23,14,4,6,68,47,115,3825893
2025-10-23,19,21,7,5,62,52,114,3206385
2025-10-24,19,22,4,3,74,48,122,2250425
2025-10-25,17,21,6,3,64,47,111,3673092
2025-10-26,21,22,6,2,65,51,116,3219595
2025-10-27,29,12,6,9,58,56,114,2543225
2025-10-28,29,17,2,3,63,51,114,2256719
2025-10-29,21,19,9,2,74,51,125,2809203
2025-10-30,15,16,8,7,47,46,93,2681051
2025-10-31,19,19,3,1,57,42,99,3841648
2025-11-01,19,18,3,1,59,41,100,2285643
2025-11-02,16,9,3,3,50,31,81,3056386
2025-11-03,6,14,4,1,32,25,57,1006084
2025-11-04,16,19,3,3,56,41,97,1404902
2025-11-05,11,11,2,4,62,28,90,3425840
2025-11-06,11,14,6,3,46,34,80,2601229
2025-11-07,16,18,5,3,44,42,86,1949546
2025-11-08,19,24,3,4,65,50,115,3439640
2025-11-09,13,17,6,3,59,39,98,3297678
2025-11-10,12,12,3,5,47,32,79,2357913
2025-11-11,22,16,7,2,70,47,117,3129075
2025-11-12,10,12,3,3,48,28,76,2686087
2025-11-13,19,23,8,2,59,52,111,1969831
2025-11-14,17,12,5,7,65,41,106,3783533
2025-11-15,15,18,4,2,36,39,75,2412394
2025-11-16,9,19,5,2,37,35,72,1642112
2025-11-17,13,7,5,1,42,26,68,1295853
2025-11-18,16,11,4,6,40,37,77,1707455
2025-11-19,8,12,1,3,40,24,64,2087668
2025-11-20,12,10,2,3,41,27,68,2542293
2025-11-21,7,10,0,0,35,17,52,1966778
2025-11-22,7,14,3,2,32,26,58,1222637
2025-11-23,14,8,4,4,30,30,60,839550
2025-11-24,9,6,2,3,30,20,50,1167403
2025-11-25,11,15,4,3,35,33,68,1808015
2025-11-26,6,6,5,3,37,20,57,1273312
2025-11-27,7,9,5,0,33,21,54,2212189
2025-11-28,7,14,2,2,28,25,53,1580909
2025-11-29,14,10,5,1,31,30,61,1103831
2025-11-30,8,8,7,2,37,25,62,2775817
2025-12-01,10,16,7,1,47,34,81,2760165
2025-12-02,11,15,4,1,35,31,66,1285483
2025-12-03,13,8,1,4,28,26,54,1697379
2025-12-04,7,9,0,0,32,16,48,1805305
2025-12-05,3,17,2,0,33,22,55,1538613
2025-12-06,18,14,2,3,50,37,87,1435971
2025-12-07,10,16,5,1,52,32,84,2374462
2025-12-08,13,12,2,4,39,31,70,1525543
2025-12-09,15,20,6,2,44,43,87,1573528
2025-12-10,8,13,5,0,39,26,65,1390347
2025-12-11,6,11,4,2,33,23,56,2351574
2025-12-12,11,7,3,1,25,22,47,1272432
2025-12-13,8,5,4,2,32,19,51,1454985
2025-12-14,6,5,3,0,34,14,48,2474598
2025-12-15,14,12,4,4,20,34,54,1614357
2025-12-16,12,9,1,0,34,22,56,1963684
2025-12-17,5,11,4,2,31,22,53,860044
2025-12-18,12,9,2,3,37,26,63,2243889
2025-12-19,6,5,2,0,21,13,34,1024453
2025-12-20,12,11,5,2,29,30,59,1235365
2025-12-21,13,9,1,1,34,24,58,1071715
2025-12-22,6,9,4,1,26,20,46,745275
2025-12-23,14,14,1,3,28,32,60,1854552
2025-12-24,14,21,6,1,28,42,70,1130293
2025-12-25,10,16,4,4,39,34,73,1588003
2025-12-26,13,10,4,1,38,28,66,2466183
2025-12-27,7,13,7,1,40,28,68,2593619
2025-12-28,5,12,6,2,25,25,50,1647298
2025-12-29,13,6,5,3,31,27,58,678315
2025-12-30,10,9,6,3,38,28,66,1716407
2025-12-31,10,11,2,4,39,27,66,1479466
2026-01-01,19,8,7,4,30,38,68,1987822
2026-01-02,8,20,5,1,27,34,61,1021219
2026-01-03,14,5,2,2,36,23,59,1771066
2026-01-04,6,15,3,4,25,28,53,1072842
2026-01-05,10,9,6,0,32,25,57,1914810
2026-01-06,15,4,7,5,32,31,63,421180
2026-01-07,11,10,2,2,39,25,64,1588853
2026-01-08,9,14,2,3,34,28,62,2068716
2026-01-09,8,19,6,3,42,36,78,3335743
2026-01-10,9,12,6,4,32,31,63,1273521
2026-01-11,16,10,2,6,32,34,66,1644834
2026-01-12,7,6,2,2,40,17,57,1952827
2026-01-13,13,13,6,2,27,34,61,656420
2026-01-14,3,13,6,4,30,26,56,1200911
2026-01-15,16,10,3,2,40,31,71,2493799
2026-01-16,5,12,2,3,33,22,55,1235826
2026-01-17,6,5,6,1,21,18,39,920639
2026-01-18,12,15,8,2,27,37,64,1614616
2026-01-19,9,8,4,3,25,24,49,1059737
2026-01-20,10,12,2,4,32,28,60,1142683
2026-01-21,14,10,1,1,30,26,56,2168251
2026-01-22,4,12,4,4,34,24,58,1334420
2026-01-23,9,7,7,0,21,23,44,1230089
2026-01-24,9,9,2,3,23,23,46,900820
2026-01-25,9,12,3,3,44,27,71,2518127
2026-01-26,7,5,9,1,18,22,40,1203187
2026-01-27,18,6,5,2,35,31,66,1773774
2026-01-28,8,10,2,2,28,22,50,845907
2026-01-29,13,10,6,2,37,31,68,1789897
2026-01-30,12,11,4,4,44,31,75,2020222
2026-01-31,11,13,8,2,35,34,69,1661117
2026-02-01,11,11,4,3,24,29,53,1399489
2026-02-02,12,8,5,3,44,28,72,2751450
2026-02-03,8,9,7,0,25,24,49,770367
2026-02-04,8,7,6,1,23,22,45,1121308
2026-02-05,14,18,4,3,35,39,74,1921706
2026-02-06,7,11,2,3,40,23,63,1629304
2026-02-07,5,13,1,1,46,20,66,1950778
2026-02-08,17,14,11,2,37,44,81,1631108
2026-02-09,4,12,2,3,34,21,55,1057952
2026-02-10,16,11,4,2,52,33,85,2788292
2026-02-11,10,13,5,2,46,30,76,1484582
2026-02-12,12,16,6,2,33,36,69,1812369
2026-02-13,21,18,5,5,67,49,116,2684205
2026-02-14,21,23,4,1,60,49,109,3170166
2026-02-15,8,13,5,2,42,28,70,1878600
2026-02-16,9,7,7,3,49,26,75,2513220
2026-02-17,19,14,6,4,41,43,84,2016792
2026-02-18,25,23,6,7,67,61,128,4050921
2026-02-19,22,22,5,2,64,51,115,3653541
2026-02-20,16,16,7,2,54,41,95,2815643
2026-02-21,13,20,4,2,56,39,95,2161162
2026-02-22,30,24,5,5,73,64,137,3847989
2026-02-23,14,16,11,4,71,45,116,2514643
2026-02-24,19,20,4,7,62,50,112,2205508
2026-02-25,27,20,9,3,61,59,120,4017819
2026-02-26,15,10,11,3,46,39,85,1278337
2026-02-27,9,17,4,1,44,31,75,2115784
2026-02-28,9,17,4,1,59,31,90,3748855
2026-03-01,3,9,3,0,11,15,26,367988
2026-03-02,3,15,1,1,62,20,82,600084
2026-03-03,1,6,2,0,14,9,23,397952
2026-03-04,1,0,1,0,1,2,3,0
